file_name,NOSE_x,NOSE_y,NOSE_score,LEFT_EYE_x,LEFT_EYE_y,LEFT_EYE_score,RIGHT_EYE_x,RIGHT_EYE_y,RIGHT_EYE_score,LEFT_EAR_x,LEFT_EAR_y,LEFT_EAR_score,RIGHT_EAR_x,RIGHT_EAR_y,RIGHT_EAR_score,LEFT_SHOULDER_x,LEFT_SHOULDER_y,LEFT_SHOULDER_score,RIGHT_SHOULDER_x,RIGHT_SHOULDER_y,RIGHT_SHOULDER_score,LEFT_ELBOW_x,LEFT_ELBOW_y,LEFT_ELBOW_score,RIGHT_ELBOW_x,RIGHT_ELBOW_y,RIGHT_ELBOW_score,LEFT_WRIST_x,LEFT_WRIST_y,LEFT_WRIST_score,RIGHT_WRIST_x,RIGHT_WRIST_y,RIGHT_WRIST_score,LEFT_HIP_x,LEFT_HIP_y,LEFT_HIP_score,RIGHT_HIP_x,RIGHT_HIP_y,RIGHT_HIP_score,LEFT_KNEE_x,LEFT_KNEE_y,LEFT_KNEE_score,RIGHT_KNEE_x,RIGHT_KNEE_y,RIGHT_KNEE_score,LEFT_ANKLE_x,LEFT_ANKLE_y,LEFT_ANKLE_score,RIGHT_ANKLE_x,RIGHT_ANKLE_y,RIGHT_ANKLE_score,class_no,class_name
down/tricep dips_100111.jpg,189.0,220.0,0.51673824,188.0,209.0,0.50330496,186.0,209.0,0.45915586,204.0,188.0,0.74330366,203.0,190.0,0.5710963,251.0,166.0,0.75226617,226.0,206.0,0.390467,322.0,175.0,0.84978956,260.0,246.0,0.31907725,295.0,282.0,0.6548824,274.0,286.0,0.5869595,317.0,305.0,0.38348702,283.0,321.0,0.58120525,320.0,358.0,0.15041506,275.0,356.0,0.11709892,317.0,352.0,0.1179872,273.0,349.0,0.1102087,0,down
down/tricep dips_100121.jpg,193.0,186.0,0.5747206,191.0,176.0,0.7035551,189.0,176.0,0.47828168,208.0,153.0,0.71379435,204.0,155.0,0.5154328,257.0,141.0,0.837594,226.0,158.0,0.44847798,315.0,169.0,0.67456055,260.0,206.0,0.3655983,289.0,267.0,0.67836976,272.0,265.0,0.4388554,320.0,319.0,0.6356242,287.0,315.0,0.50523233,325.0,354.0,0.23177463,285.0,351.0,0.16159734,318.0,353.0,0.15428394,287.0,355.0,0.14942427,0,down
down/tricep dips_100181.jpg,176.0,192.0,0.49546495,174.0,182.0,0.55792,173.0,183.0,0.559302,187.0,162.0,0.68675625,185.0,163.0,0.63133943,229.0,146.0,0.74962544,212.0,167.0,0.3887133,288.0,161.0,0.84946126,242.0,219.0,0.3454377,266.0,269.0,0.44208065,252.0,269.0,0.5587961,289.0,283.0,0.23944715,260.0,288.0,0.32510686,292.0,341.0,0.18587476,263.0,353.0,0.25332966,291.0,352.0,0.35206762,264.0,355.0,0.33446938,0,down
down/tricep dips_100241.jpg,159.0,224.0,0.41235194,154.0,217.0,0.39093134,153.0,218.0,0.50244075,156.0,193.0,0.62262714,156.0,193.0,0.586972,198.0,155.0,0.81850785,192.0,194.0,0.4695008,262.0,152.0,0.827761,231.0,241.0,0.21612205,253.0,270.0,0.6313291,232.0,290.0,0.18382704,288.0,319.0,0.4828162,256.0,322.0,0.48288354,267.0,354.0,0.10596743,235.0,347.0,0.12335969,263.0,354.0,0.3172362,242.0,351.0,0.21735473,0,down
down/tricep dips_100291.jpg,181.0,215.0,0.26411518,175.0,209.0,0.5080903,175.0,211.0,0.42721143,181.0,189.0,0.4930088,177.0,192.0,0.45334923,236.0,157.0,0.7072786,204.0,178.0,0.3352267,268.0,226.0,0.5870604,232.0,225.0,0.36319146,255.0,281.0,0.62370574,248.0,279.0,0.4725241,277.0,237.0,0.13104337,253.0,238.0,0.20609492,265.0,281.0,0.11685098,251.0,283.0,0.100784935,279.0,348.0,0.37402916,241.0,350.0,0.35800588,0,down
down/tricep dips_100351.jpg,183.0,236.0,0.5570116,180.0,228.0,0.5217864,179.0,228.0,0.5342761,194.0,204.0,0.7690875,192.0,206.0,0.714593,230.0,185.0,0.6585316,219.0,199.0,0.62007535,293.0,168.0,0.8951551,254.0,251.0,0.33819243,279.0,286.0,0.5429171,261.0,287.0,0.5208266,305.0,308.0,0.28810492,274.0,328.0,0.46346566,318.0,357.0,0.1922317,260.0,349.0,0.14278601,286.0,346.0,0.20219159,250.0,347.0,0.25832143,0,down
down/tricep dips_100411.jpg,182.0,231.0,0.3843971,176.0,223.0,0.58320177,176.0,224.0,0.53253615,185.0,201.0,0.6267982,182.0,201.0,0.5664605,235.0,171.0,0.7772416,211.0,197.0,0.5431992,297.0,175.0,0.82663584,245.0,247.0,0.27612814,282.0,285.0,0.58836484,254.0,292.0,0.35960692,301.0,241.0,0.10461054,272.0,247.0,0.18951768,294.0,318.0,0.15442523,253.0,321.0,0.17161384,311.0,354.0,0.33431777,262.0,352.0,0.30694443,0,down
down/tricep dips_100471.jpg,170.0,220.0,0.6421375,164.0,209.0,0.59496677,164.0,209.0,0.57385176,182.0,186.0,0.6463456,180.0,186.0,0.5903662,231.0,167.0,0.6593276,218.0,178.0,0.74313956,296.0,172.0,0.78359574,249.0,229.0,0.3337483,284.0,281.0,0.58822894,263.0,281.0,0.3400103,293.0,278.0,0.2332798,264.0,291.0,0.26343805,288.0,325.0,0.10056258,240.0,310.0,0.13662234,295.0,347.0,0.25410235,256.0,350.0,0.13263045,0,down
down/tricep dips_100531.jpg,173.0,200.0,0.46198672,171.0,191.0,0.5477142,168.0,192.0,0.5713545,187.0,167.0,0.7135248,179.0,167.0,0.7289816,240.0,155.0,0.54271483,206.0,162.0,0.55487454,293.0,183.0,0.5619207,224.0,217.0,0.22972237,275.0,278.0,0.5990755,231.0,279.0,0.2749891,290.0,194.0,0.27750006,248.0,209.0,0.3140538,268.0,290.0,0.21917471,235.0,299.0,0.26911256,289.0,355.0,0.5488278,249.0,351.0,0.507735,0,down
down/tricep dips_1100011.jpg,137.0,172.0,0.7294923,136.0,162.0,0.7002647,135.0,163.0,0.66276354,155.0,148.0,0.8261434,151.0,148.0,0.7834952,194.0,161.0,0.74635696,176.0,158.0,0.79530215,252.0,166.0,0.9188217,216.0,180.0,0.36514992,249.0,232.0,0.6833016,241.0,228.0,0.4540045,250.0,243.0,0.33594465,233.0,241.0,0.6326697,250.0,299.0,0.23093082,238.0,291.0,0.28668064,279.0,345.0,0.4352241,275.0,340.0,0.29146588,0,down
down/tricep dips_1100021.jpg,133.0,213.0,0.68921345,132.0,203.0,0.7533619,131.0,204.0,0.56682503,152.0,190.0,0.84278345,148.0,191.0,0.78263575,190.0,196.0,0.64882785,177.0,192.0,0.7293464,240.0,171.0,0.79837257,210.0,181.0,0.2297108,250.0,232.0,0.8114509,234.0,226.0,0.29371482,248.0,282.0,0.69765747,225.0,288.0,0.76796985,272.0,354.0,0.7515948,234.0,352.0,0.5414275,273.0,356.0,0.106281854,228.0,352.0,0.20177749,0,down
down/tricep dips_1100041.jpg,136.0,192.0,0.6337211,133.0,182.0,0.8200073,133.0,182.0,0.8390784,151.0,167.0,0.7346397,149.0,168.0,0.7670651,187.0,177.0,0.59254533,183.0,177.0,0.72191334,249.0,171.0,0.8266976,237.0,168.0,0.47646543,254.0,232.0,0.7677615,245.0,228.0,0.45428026,246.0,273.0,0.78760815,243.0,273.0,0.79737407,269.0,359.0,0.8248301,281.0,347.0,0.6395036,283.0,357.0,0.14115508,286.0,353.0,0.47044975,0,down
down/tricep dips_1100161.jpg,154.0,184.0,0.5739311,150.0,175.0,0.70673805,151.0,175.0,0.65524906,168.0,158.0,0.7100822,167.0,158.0,0.8092251,203.0,169.0,0.65259856,201.0,163.0,0.7157878,267.0,170.0,0.7219757,256.0,165.0,0.67238533,269.0,232.0,0.70302296,261.0,226.0,0.55423164,266.0,273.0,0.75680614,260.0,276.0,0.7535793,292.0,359.0,0.7183808,279.0,354.0,0.41632065,302.0,356.0,0.22920685,301.0,354.0,0.3858798,0,down
down/tricep dips_1100191.jpg,152.0,188.0,0.7159927,149.0,177.0,0.6879133,149.0,178.0,0.6715109,168.0,165.0,0.75379306,167.0,165.0,0.82339805,203.0,177.0,0.84526336,202.0,177.0,0.67427444,266.0,172.0,0.66647804,256.0,170.0,0.591588,273.0,235.0,0.53777134,262.0,232.0,0.58887637,267.0,279.0,0.73730946,262.0,282.0,0.80315495,304.0,359.0,0.7442754,284.0,356.0,0.3769827,312.0,355.0,0.11976133,312.0,354.0,0.3471685,0,down
down/tricep dips_1200011.jpg,216.0,30.0,0.7391932,220.0,26.0,0.77237415,217.0,25.0,0.8201038,235.0,28.0,0.721933,227.0,27.0,0.64665437,247.0,41.0,0.7343635,227.0,55.0,0.7362935,279.0,60.0,0.74162364,242.0,86.0,0.6760379,279.0,98.0,0.8310375,246.0,112.0,0.2097919,264.0,123.0,0.86791104,250.0,128.0,0.8543116,272.0,183.0,0.8738483,264.0,184.0,0.81061435,308.0,213.0,0.71505773,299.0,211.0,0.71471405,0,down
down/tricep dips_1200031.jpg,214.0,78.0,0.65522665,218.0,73.0,0.83576095,214.0,73.0,0.6032557,230.0,70.0,0.6709506,221.0,71.0,0.66274005,246.0,80.0,0.6758094,226.0,94.0,0.8181647,278.0,76.0,0.83903205,244.0,109.0,0.27218384,279.0,107.0,0.7844754,270.0,111.0,0.487257,269.0,162.0,0.72261477,256.0,169.0,0.86854976,270.0,224.0,0.8918663,264.0,223.0,0.8971077,310.0,241.0,0.6877947,304.0,239.0,0.84966284,0,down
down/tricep dips_1300011.jpg,239.0,114.0,0.68272734,239.0,109.0,0.6788497,235.0,108.0,0.8192328,233.0,109.0,0.74381655,224.0,109.0,0.8817736,231.0,123.0,0.73029006,208.0,120.0,0.7987776,210.0,138.0,0.31020507,182.0,119.0,0.7556897,207.0,158.0,0.2601302,184.0,153.0,0.63484555,211.0,192.0,0.903522,196.0,189.0,0.8967271,210.0,243.0,0.8048685,202.0,244.0,0.9022008,181.0,261.0,0.59869015,175.0,260.0,0.62293637,0,down
down/tricep dips_1300031.jpg,238.0,91.0,0.76872754,237.0,87.0,0.79832375,233.0,86.0,0.8404272,230.0,88.0,0.7003425,221.0,88.0,0.8067436,232.0,108.0,0.6753619,208.0,103.0,0.88790053,212.0,131.0,0.36948243,182.0,119.0,0.83595455,218.0,153.0,0.48175088,183.0,152.0,0.7680133,213.0,176.0,0.8767156,198.0,173.0,0.90888774,206.0,230.0,0.61950344,198.0,231.0,0.924985,179.0,248.0,0.40062338,169.0,249.0,0.74951494,0,down
down/tricep dips_1300041.jpg,236.0,101.0,0.5387002,236.0,96.0,0.59389746,231.0,96.0,0.54879373,229.0,98.0,0.7872913,219.0,98.0,0.7111707,228.0,117.0,0.8121674,209.0,112.0,0.76636374,208.0,135.0,0.39970827,179.0,120.0,0.9129815,214.0,158.0,0.57452834,181.0,154.0,0.6599986,210.0,185.0,0.89144176,195.0,182.0,0.91164005,205.0,239.0,0.776469,198.0,239.0,0.89186776,177.0,255.0,0.63004255,169.0,256.0,0.7783189,0,down
down/tricep dips_1300071.jpg,247.0,85.0,0.6428285,247.0,80.0,0.7450641,242.0,80.0,0.6329467,241.0,83.0,0.6417027,231.0,84.0,0.6061659,244.0,104.0,0.73634166,220.0,102.0,0.80622524,227.0,129.0,0.464222,193.0,119.0,0.8576621,231.0,151.0,0.63343656,196.0,151.0,0.83227,227.0,175.0,0.842376,212.0,171.0,0.90987855,221.0,227.0,0.8328621,212.0,226.0,0.9332999,189.0,246.0,0.66432416,184.0,247.0,0.7012938,0,down
down/tricep dips_1300101.jpg,261.0,92.0,0.7527568,261.0,88.0,0.78667855,257.0,88.0,0.82726145,253.0,90.0,0.67394793,245.0,90.0,0.7562957,254.0,109.0,0.74735934,231.0,105.0,0.900447,234.0,128.0,0.39176774,205.0,118.0,0.6700845,240.0,152.0,0.6205132,208.0,151.0,0.76739484,236.0,178.0,0.90611035,222.0,174.0,0.9165556,230.0,232.0,0.5714319,223.0,232.0,0.9289121,198.0,248.0,0.69460404,192.0,247.0,0.765242,0,down
down/tricep dips_1400141.jpg,168.0,58.0,0.7299346,179.0,45.0,0.55554765,165.0,48.0,0.68092287,210.0,48.0,0.74472535,180.0,52.0,0.5719673,254.0,68.0,0.8038009,194.0,117.0,0.6643989,326.0,76.0,0.7701887,249.0,164.0,0.3271859,339.0,162.0,0.6788162,274.0,222.0,0.21390533,305.0,233.0,0.79160506,266.0,248.0,0.9230029,325.0,354.0,0.66617596,296.0,353.0,0.8448075,352.0,346.0,0.5898645,347.0,346.0,0.4756383,0,down
down/tricep dips_1500031.jpg,223.0,99.0,0.6975904,228.0,94.0,0.72309405,223.0,94.0,0.6692021,243.0,92.0,0.87596023,234.0,93.0,0.658327,262.0,102.0,0.65132576,239.0,122.0,0.83337384,299.0,95.0,0.8531189,259.0,140.0,0.3236563,298.0,137.0,0.73994005,260.0,170.0,0.44276035,289.0,197.0,0.75320876,273.0,203.0,0.8449353,289.0,271.0,0.8217276,280.0,272.0,0.6466932,334.0,295.0,0.76484084,327.0,293.0,0.7292628,0,down
down/tricep dips_1500081.jpg,225.0,105.0,0.74814886,229.0,100.0,0.71692336,226.0,100.0,0.8266225,245.0,99.0,0.86673623,236.0,100.0,0.6578045,266.0,109.0,0.79909074,237.0,131.0,0.7865451,302.0,109.0,0.95344704,256.0,154.0,0.50408804,304.0,150.0,0.8325934,261.0,177.0,0.39615667,291.0,204.0,0.77131325,272.0,211.0,0.87261844,298.0,278.0,0.68070245,287.0,279.0,0.73938,341.0,300.0,0.7614319,334.0,295.0,0.7556744,0,down
down/tricep dips_1500091.jpg,226.0,114.0,0.71947473,231.0,109.0,0.77247715,226.0,108.0,0.66392636,246.0,108.0,0.85992503,236.0,108.0,0.77189785,266.0,118.0,0.73129475,240.0,137.0,0.7729111,302.0,113.0,0.93926436,256.0,147.0,0.35886854,303.0,153.0,0.74188244,264.0,176.0,0.23273511,293.0,210.0,0.77002287,274.0,217.0,0.85855824,299.0,284.0,0.85193276,288.0,285.0,0.80373955,341.0,308.0,0.7628437,331.0,305.0,0.5077939,0,down
down/tricep dips_1500131.jpg,228.0,93.0,0.6596602,233.0,87.0,0.74023896,229.0,87.0,0.6206448,250.0,86.0,0.7553427,241.0,86.0,0.6723943,266.0,99.0,0.78527147,242.0,115.0,0.72277135,305.0,113.0,0.9314273,262.0,144.0,0.5741693,305.0,155.0,0.8249337,264.0,169.0,0.3099544,288.0,200.0,0.85755575,270.0,204.0,0.8889073,292.0,273.0,0.87977755,281.0,274.0,0.847346,338.0,299.0,0.60379475,331.0,295.0,0.8842702,0,down
down/tricep dips_1500141.jpg,229.0,117.0,0.82678485,233.0,112.0,0.82287204,230.0,112.0,0.74727595,248.0,111.0,0.7612723,241.0,110.0,0.7383944,268.0,121.0,0.80510074,241.0,140.0,0.7868056,306.0,113.0,0.8760827,253.0,150.0,0.30659443,306.0,154.0,0.7863867,264.0,180.0,0.1944315,293.0,215.0,0.73818016,275.0,222.0,0.8895628,294.0,289.0,0.8114563,284.0,291.0,0.8031032,337.0,314.0,0.6711316,332.0,311.0,0.6403275,0,down
down/tricep dips_1500151.jpg,233.0,91.0,0.74389696,237.0,85.0,0.76794,235.0,85.0,0.47582147,254.0,86.0,0.70743096,246.0,86.0,0.52123415,269.0,99.0,0.76532334,246.0,116.0,0.6930791,308.0,111.0,0.92708564,263.0,146.0,0.51448345,306.0,153.0,0.85643035,270.0,166.0,0.22285762,291.0,196.0,0.88211995,273.0,201.0,0.88214785,299.0,269.0,0.8318261,288.0,272.0,0.7912154,343.0,300.0,0.703519,333.0,296.0,0.7722226,0,down
down/tricep dips_1700001.jpg,168.0,170.0,0.78197145,164.0,163.0,0.60958576,163.0,163.0,0.62210906,173.0,146.0,0.87899625,169.0,148.0,0.77311325,201.0,134.0,0.76020753,194.0,131.0,0.5172286,251.0,120.0,0.74370134,245.0,116.0,0.46694756,259.0,172.0,0.58791125,255.0,171.0,0.80696416,244.0,221.0,0.7608199,242.0,219.0,0.8128859,276.0,304.0,0.849191,270.0,282.0,0.34081575,329.0,309.0,0.885787,309.0,269.0,0.7339777,0,down
down/tricep dips_1700041.jpg,175.0,141.0,0.6125475,174.0,132.0,0.7214823,172.0,133.0,0.64878213,189.0,114.0,0.71671486,182.0,117.0,0.77879846,220.0,114.0,0.7742872,196.0,120.0,0.565162,270.0,120.0,0.84929895,230.0,129.0,0.16932338,269.0,180.0,0.6598971,247.0,180.0,0.52060705,249.0,215.0,0.8005962,229.0,219.0,0.835881,279.0,303.0,0.8070474,253.0,285.0,0.47522074,332.0,300.0,0.8392374,304.0,284.0,0.38051975,0,down
down/tricep dips_1700051.jpg,171.0,165.0,0.58567584,168.0,158.0,0.72628474,166.0,158.0,0.7059889,179.0,137.0,0.7713157,174.0,138.0,0.76727885,212.0,122.0,0.73001146,200.0,120.0,0.69039226,264.0,108.0,0.68926,238.0,106.0,0.38907513,269.0,166.0,0.55210316,262.0,164.0,0.5372119,247.0,218.0,0.8504642,236.0,218.0,0.8495515,282.0,314.0,0.873002,258.0,290.0,0.2635457,334.0,285.0,0.70858264,324.0,276.0,0.67783904,0,down
down/tricep dips_1700071.jpg,167.0,155.0,0.6504365,165.0,147.0,0.6671492,163.0,148.0,0.6515511,179.0,126.0,0.8205373,173.0,129.0,0.8071826,212.0,114.0,0.69999176,196.0,114.0,0.7219369,269.0,104.0,0.8720125,235.0,105.0,0.24998401,276.0,165.0,0.52244604,247.0,162.0,0.23211408,248.0,218.0,0.6548396,231.0,221.0,0.83113503,283.0,314.0,0.7681018,254.0,286.0,0.26494557,330.0,290.0,0.64550465,319.0,263.0,0.510593,0,down
down/tricep dips_1700111.jpg,173.0,157.0,0.5698676,173.0,147.0,0.607727,167.0,150.0,0.49356824,187.0,122.0,0.61121607,173.0,127.0,0.52543867,224.0,117.0,0.64057523,185.0,127.0,0.62834764,278.0,122.0,0.84311134,196.0,153.0,0.48458612,280.0,183.0,0.91345793,195.0,186.0,0.62755644,245.0,245.0,0.68151754,217.0,247.0,0.77623606,279.0,332.0,0.7218463,232.0,315.0,0.54457307,322.0,305.0,0.7014413,285.0,307.0,0.2700189,0,down
down/tricep dips_1700121.jpg,174.0,186.0,0.5561675,175.0,177.0,0.54286015,166.0,180.0,0.570202,188.0,154.0,0.6113789,176.0,156.0,0.5570084,229.0,137.0,0.7755052,187.0,139.0,0.77956426,283.0,118.0,0.88485956,199.0,122.0,0.36964196,288.0,181.0,0.7323322,189.0,176.0,0.30630118,255.0,250.0,0.87383133,225.0,254.0,0.88760614,285.0,345.0,0.89298046,243.0,325.0,0.4789975,325.0,297.0,0.7040905,318.0,295.0,0.567191,0,down
down/tricep dips_1700141.jpg,178.0,161.0,0.5541043,179.0,150.0,0.60055435,170.0,153.0,0.63173276,191.0,123.0,0.7984029,174.0,128.0,0.52268684,228.0,108.0,0.6726386,181.0,114.0,0.57645625,289.0,98.0,0.80633724,188.0,120.0,0.18777896,297.0,164.0,0.8664,185.0,164.0,0.39294177,261.0,224.0,0.8459099,228.0,230.0,0.8608985,289.0,319.0,0.9468312,240.0,295.0,0.61855936,324.0,264.0,0.52208066,317.0,261.0,0.6040921,0,down
down/tricep dips_1700171.jpg,200.0,138.0,0.6042988,203.0,128.0,0.47972652,193.0,128.0,0.67077065,219.0,104.0,0.75159985,189.0,109.0,0.67688143,263.0,91.0,0.7915843,208.0,105.0,0.6401359,307.0,108.0,0.87284476,216.0,140.0,0.6631802,309.0,177.0,0.8734399,203.0,180.0,0.6612639,266.0,225.0,0.83745354,230.0,225.0,0.83977395,288.0,324.0,0.8662062,235.0,304.0,0.84741706,318.0,295.0,0.6590265,301.0,285.0,0.24411967,0,down
down/tricep dips_1700181.jpg,213.0,170.0,0.5548173,217.0,157.0,0.4058823,204.0,163.0,0.61925507,230.0,133.0,0.74396086,199.0,139.0,0.40930298,265.0,121.0,0.78197646,205.0,133.0,0.5059038,317.0,108.0,0.760536,217.0,146.0,0.14691216,319.0,178.0,0.8363315,206.0,182.0,0.54967004,276.0,255.0,0.758662,236.0,256.0,0.757066,294.0,331.0,0.70041937,244.0,315.0,0.7831763,299.0,337.0,0.20402017,297.0,313.0,0.3090458,0,down
down/tricep dips_1700191.jpg,233.0,193.0,0.31000796,234.0,181.0,0.43489522,225.0,187.0,0.3575479,244.0,165.0,0.55738395,219.0,170.0,0.4408269,276.0,148.0,0.5985363,211.0,158.0,0.4602487,318.0,110.0,0.78320915,218.0,123.0,0.71823806,326.0,183.0,0.83261204,226.0,135.0,0.15740655,280.0,288.0,0.7900269,242.0,289.0,0.7588457,300.0,349.0,0.6785685,250.0,341.0,0.6016583,320.0,315.0,0.6000989,300.0,338.0,0.15114655,0,down
down/tricep dips_1700201.jpg,236.0,167.0,0.44751543,241.0,157.0,0.4245664,228.0,160.0,0.55001616,251.0,129.0,0.55305815,220.0,137.0,0.5751127,289.0,115.0,0.7446803,229.0,124.0,0.4498649,327.0,110.0,0.8018459,241.0,161.0,0.29765472,336.0,181.0,0.72276044,251.0,242.0,0.14248918,290.0,265.0,0.6823544,250.0,262.0,0.8127924,304.0,330.0,0.5108384,253.0,323.0,0.6980965,316.0,344.0,0.15505724,258.0,308.0,0.27432892,0,down
down/tricep dips_1700261.jpg,275.0,209.0,0.37188563,288.0,196.0,0.47429428,266.0,199.0,0.41124466,299.0,171.0,0.41601774,255.0,174.0,0.42128634,318.0,153.0,0.608265,243.0,142.0,0.51682043,323.0,93.0,0.56919026,232.0,119.0,0.29192078,336.0,166.0,0.56318134,216.0,168.0,0.4705803,299.0,282.0,0.7506532,259.0,279.0,0.6118455,305.0,327.0,0.6033856,250.0,332.0,0.54011655,298.0,353.0,0.65705085,255.0,344.0,0.51110035,0,down
down/tricep dips_1700371.jpg,261.0,154.0,0.55074203,268.0,147.0,0.4349588,257.0,146.0,0.6270833,274.0,134.0,0.63801956,248.0,128.0,0.6575792,278.0,130.0,0.7207061,230.0,124.0,0.5699228,272.0,104.0,0.5664737,203.0,110.0,0.7604381,275.0,158.0,0.3697273,194.0,157.0,0.7219525,254.0,218.0,0.8763464,228.0,215.0,0.70124054,248.0,271.0,0.85858846,213.0,276.0,0.56288886,210.0,250.0,0.4918319,195.0,252.0,0.55288243,0,down
down/tricep dips_1700381.jpg,274.0,147.0,0.33058903,276.0,152.0,0.4827232,273.0,153.0,0.47928467,277.0,156.0,0.5010061,263.0,158.0,0.53186816,276.0,150.0,0.3962705,244.0,153.0,0.6860407,283.0,123.0,0.16657849,217.0,111.0,0.5105503,273.0,133.0,0.1403786,204.0,158.0,0.7454941,261.0,233.0,0.8877721,236.0,231.0,0.89064205,252.0,287.0,0.7878056,217.0,289.0,0.74200255,206.0,261.0,0.5551131,198.0,263.0,0.74502146,0,down
down/tricep dips_1700391.jpg,280.0,149.0,0.53407586,288.0,146.0,0.59875786,278.0,144.0,0.64606816,297.0,131.0,0.50998724,271.0,125.0,0.72541946,295.0,124.0,0.70606303,249.0,123.0,0.58327794,282.0,146.0,0.30084452,220.0,119.0,0.8379984,288.0,165.0,0.5653471,214.0,161.0,0.8081245,272.0,215.0,0.90531987,247.0,211.0,0.85569656,262.0,275.0,0.8988763,229.0,278.0,0.8072614,228.0,265.0,0.32822362,206.0,259.0,0.5650816,0,down
down/tricep dips_1700431.jpg,254.0,148.0,0.48240432,260.0,144.0,0.5837672,253.0,143.0,0.49515104,267.0,133.0,0.60909283,247.0,126.0,0.5978701,267.0,126.0,0.7343335,222.0,124.0,0.7588102,254.0,148.0,0.29487428,195.0,119.0,0.66986144,258.0,172.0,0.49923122,192.0,166.0,0.45049173,242.0,216.0,0.83458614,220.0,212.0,0.8411433,235.0,269.0,0.79693925,201.0,279.0,0.79903126,207.0,248.0,0.3128117,176.0,248.0,0.7969233,0,down
down/tricep dips_1700451.jpg,251.0,162.0,0.36191964,257.0,159.0,0.5025331,250.0,160.0,0.34913942,259.0,148.0,0.5399978,245.0,150.0,0.7389125,262.0,136.0,0.5471172,224.0,139.0,0.67888665,255.0,116.0,0.30380112,199.0,107.0,0.7795351,246.0,125.0,0.20400552,185.0,150.0,0.8104448,230.0,214.0,0.9273802,207.0,211.0,0.88814396,218.0,269.0,0.83704066,188.0,272.0,0.8130827,191.0,261.0,0.15582815,163.0,241.0,0.8503546,0,down
down/tricep dips_1700501.jpg,277.0,136.0,0.72967863,282.0,130.0,0.70655346,276.0,129.0,0.6338036,280.0,115.0,0.4102693,266.0,112.0,0.72464967,275.0,108.0,0.6266146,244.0,108.0,0.58625996,259.0,130.0,0.22171909,208.0,104.0,0.8874398,262.0,155.0,0.6394818,205.0,151.0,0.86235243,250.0,198.0,0.91570795,230.0,194.0,0.8268701,238.0,257.0,0.67970985,208.0,266.0,0.70159626,208.0,241.0,0.36113864,178.0,239.0,0.5323969,0,down
down/tricep dips_1700511.jpg,286.0,150.0,0.6066456,290.0,144.0,0.72170687,287.0,144.0,0.4552957,285.0,128.0,0.41496712,275.0,128.0,0.82224995,277.0,120.0,0.6217002,251.0,122.0,0.5729008,256.0,109.0,0.22449327,219.0,98.0,0.91029185,251.0,129.0,0.1437936,210.0,141.0,0.7761366,254.0,200.0,0.8727531,233.0,196.0,0.88392043,238.0,256.0,0.66584384,210.0,267.0,0.76823443,218.0,241.0,0.22675243,176.0,230.0,0.9177668,0,down
down/tricep dips_1700521.jpg,289.0,155.0,0.588542,293.0,151.0,0.59340703,290.0,151.0,0.6040896,288.0,134.0,0.7420891,280.0,136.0,0.7574337,283.0,123.0,0.57699883,257.0,124.0,0.73592937,266.0,90.0,0.64908934,223.0,99.0,0.80010223,257.0,128.0,0.2286328,213.0,141.0,0.89536417,256.0,204.0,0.8719356,234.0,199.0,0.835236,241.0,258.0,0.7409892,213.0,269.0,0.89132804,214.0,239.0,0.27853543,178.0,234.0,0.8862318,0,down
down/tricep dips_1700551.jpg,298.0,163.0,0.6449536,303.0,157.0,0.46790865,297.0,155.0,0.4092525,301.0,140.0,0.6229434,287.0,138.0,0.67383754,294.0,134.0,0.7561231,259.0,133.0,0.7531786,276.0,151.0,0.20270076,226.0,125.0,0.93071276,282.0,180.0,0.47140905,227.0,174.0,0.6822431,273.0,229.0,0.8920023,250.0,225.0,0.83795375,264.0,295.0,0.6352111,231.0,304.0,0.83705103,218.0,284.0,0.5259726,194.0,284.0,0.619596,0,down
down/tricep dips_1700561.jpg,304.0,188.0,0.65826774,309.0,182.0,0.6213163,305.0,182.0,0.70457196,307.0,166.0,0.59726906,298.0,168.0,0.7306272,304.0,151.0,0.67500216,271.0,154.0,0.6052691,286.0,118.0,0.67260486,241.0,124.0,0.9246566,285.0,152.0,0.18727157,231.0,170.0,0.7261871,276.0,239.0,0.92244756,252.0,235.0,0.8576485,263.0,303.0,0.84334564,232.0,309.0,0.76083195,228.0,289.0,0.46760103,197.0,287.0,0.82103956,0,down
down/tricep dips_1700571.jpg,307.0,155.0,0.6394252,312.0,149.0,0.6237663,306.0,149.0,0.7429517,312.0,131.0,0.6677186,296.0,130.0,0.67762995,306.0,124.0,0.6263982,269.0,125.0,0.6369673,285.0,141.0,0.1514805,236.0,121.0,0.7392699,286.0,171.0,0.36817664,232.0,169.0,0.7152684,277.0,219.0,0.92071784,256.0,215.0,0.8208793,261.0,285.0,0.8058816,231.0,288.0,0.89691776,227.0,266.0,0.37266192,197.0,262.0,0.8110776,0,down
down/tricep dips_1700601.jpg,315.0,145.0,0.7089933,319.0,139.0,0.5984874,315.0,138.0,0.56762433,315.0,124.0,0.4762479,303.0,122.0,0.76439536,308.0,130.0,0.46201113,279.0,123.0,0.7036903,288.0,161.0,0.40583792,237.0,129.0,0.70650935,291.0,195.0,0.42291775,237.0,179.0,0.8424027,285.0,221.0,0.90321386,266.0,218.0,0.88792205,269.0,284.0,0.5548996,237.0,294.0,0.7565722,237.0,268.0,0.25249302,203.0,271.0,0.6716118,0,down
down/tricep dips_1700611.jpg,315.0,179.0,0.68408245,319.0,172.0,0.6253083,315.0,172.0,0.70859194,314.0,153.0,0.6782884,303.0,152.0,0.73865485,305.0,146.0,0.69911563,278.0,147.0,0.8082757,280.0,147.0,0.20821708,242.0,132.0,0.8998331,269.0,171.0,0.13358244,239.0,178.0,0.67462945,282.0,239.0,0.75667965,262.0,235.0,0.83695334,270.0,296.0,0.68818897,237.0,308.0,0.78344756,236.0,294.0,0.3518463,203.0,290.0,0.80440176,0,down
down/tricep dips_1700621.jpg,312.0,198.0,0.7086493,317.0,192.0,0.5634758,313.0,191.0,0.7283712,313.0,174.0,0.5424698,303.0,174.0,0.61474895,308.0,162.0,0.6976119,278.0,164.0,0.68346584,288.0,127.0,0.7152375,250.0,129.0,0.84194404,289.0,160.0,0.2052246,239.0,175.0,0.884344,282.0,248.0,0.91827196,258.0,244.0,0.71993387,271.0,313.0,0.8439545,238.0,316.0,0.58871245,224.0,308.0,0.4969427,205.0,308.0,0.48944035,0,down
down/tricep dips_1800051.jpg,298.0,207.0,0.7001538,301.0,200.0,0.73935795,299.0,199.0,0.7458286,290.0,182.0,0.6159806,284.0,182.0,0.8197765,277.0,167.0,0.7364758,253.0,168.0,0.5396546,245.0,146.0,0.5873104,211.0,141.0,0.78864485,203.0,193.0,0.30183026,196.0,194.0,0.9077299,224.0,255.0,0.768842,208.0,247.0,0.8493739,197.0,317.0,0.72541213,165.0,331.0,0.90583694,139.0,261.0,0.709121,128.0,260.0,0.68140924,0,down
down/tricep dips_1800061.jpg,297.0,197.0,0.7451371,300.0,190.0,0.75943846,297.0,189.0,0.5585427,289.0,174.0,0.6260395,282.0,173.0,0.8267049,277.0,170.0,0.5521328,252.0,162.0,0.68123865,240.0,173.0,0.19812576,207.0,141.0,0.8712279,220.0,202.0,0.18265702,197.0,196.0,0.85715944,229.0,256.0,0.82050264,209.0,250.0,0.85472554,207.0,324.0,0.5041403,174.0,341.0,0.9180833,143.0,288.0,0.5059804,128.0,285.0,0.84896165,0,down
down/tricep dips_1800101.jpg,299.0,157.0,0.61882114,299.0,148.0,0.7682474,297.0,147.0,0.5076102,285.0,135.0,0.7048406,281.0,134.0,0.72882074,275.0,149.0,0.7668355,254.0,134.0,0.74848187,247.0,182.0,0.28446674,203.0,138.0,0.76669216,246.0,212.0,0.35823798,202.0,196.0,0.8725157,233.0,235.0,0.90904266,224.0,232.0,0.86805606,200.0,310.0,0.471088,183.0,325.0,0.8754199,147.0,277.0,0.53021693,128.0,279.0,0.7561277,0,down
down/tricep dips_1800111.jpg,302.0,193.0,0.7987471,304.0,187.0,0.7366941,303.0,186.0,0.79872036,293.0,170.0,0.76128817,287.0,168.0,0.8036416,281.0,168.0,0.7709464,262.0,160.0,0.802282,244.0,173.0,0.20267916,211.0,141.0,0.8421958,224.0,207.0,0.19743021,200.0,197.0,0.7404391,229.0,251.0,0.90434575,219.0,249.0,0.79764193,192.0,315.0,0.514252,177.0,337.0,0.9407515,149.0,273.0,0.6573173,129.0,275.0,0.75748074,0,down
down/tricep dips_1800121.jpg,303.0,225.0,0.7981464,307.0,219.0,0.67640555,305.0,218.0,0.6959907,300.0,199.0,0.77196175,290.0,200.0,0.86397165,289.0,178.0,0.67299354,261.0,186.0,0.8273113,255.0,147.0,0.79488695,225.0,147.0,0.7311559,229.0,182.0,0.10407972,205.0,197.0,0.9127266,232.0,268.0,0.8427768,217.0,264.0,0.77347076,194.0,330.0,0.5575394,179.0,350.0,0.87881863,150.0,290.0,0.7467977,134.0,290.0,0.8113366,0,down
down/tricep dips_1800131.jpg,311.0,175.0,0.8498253,313.0,167.0,0.5633366,312.0,167.0,0.72106993,303.0,151.0,0.6260208,299.0,149.0,0.8956108,292.0,158.0,0.70873743,271.0,147.0,0.6229105,262.0,189.0,0.34074742,220.0,140.0,0.90646785,260.0,219.0,0.44986537,213.0,197.0,0.81736517,247.0,243.0,0.92040837,237.0,240.0,0.8709049,216.0,318.0,0.655318,195.0,332.0,0.8289386,159.0,278.0,0.6852884,145.0,279.0,0.8438183,0,down
down/tricep dips_1800161.jpg,310.0,154.0,0.60840124,314.0,145.0,0.72144866,312.0,144.0,0.51919425,307.0,130.0,0.7258142,299.0,126.0,0.7431311,295.0,139.0,0.7158004,273.0,128.0,0.67286175,265.0,174.0,0.29026654,222.0,140.0,0.90411925,269.0,209.0,0.30645815,224.0,200.0,0.8099083,261.0,240.0,0.92468107,246.0,235.0,0.8806785,243.0,322.0,0.7395152,212.0,328.0,0.7508035,180.0,304.0,0.45001906,162.0,306.0,0.8523209,0,down
down/tricep dips_1800171.jpg,314.0,186.0,0.6126698,317.0,178.0,0.7388382,316.0,178.0,0.60786164,308.0,161.0,0.69851834,303.0,160.0,0.82309544,298.0,160.0,0.6978611,274.0,156.0,0.5965093,258.0,181.0,0.11622823,224.0,140.0,0.8839453,264.0,209.0,0.21602178,222.0,198.0,0.8114143,253.0,259.0,0.89850336,238.0,256.0,0.863551,233.0,329.0,0.68935657,201.0,343.0,0.73723865,169.0,293.0,0.6779689,152.0,296.0,0.68060386,0,down
down/tricep dips_1800181.jpg,307.0,211.0,0.79500365,311.0,204.0,0.6871029,309.0,204.0,0.5354406,305.0,184.0,0.5865979,297.0,186.0,0.7785483,293.0,163.0,0.8084419,265.0,171.0,0.59562206,268.0,137.0,0.61496973,225.0,141.0,0.8171233,249.0,187.0,0.12450192,216.0,195.0,0.7623606,247.0,271.0,0.6557396,228.0,265.0,0.62187344,224.0,335.0,0.64707804,190.0,346.0,0.8644255,168.0,277.0,0.41399512,156.0,274.0,0.8719948,0,down
down/tricep dips_1800191.jpg,309.0,160.0,0.6157329,311.0,151.0,0.64699465,310.0,150.0,0.5190897,301.0,134.0,0.6345191,298.0,132.0,0.67667973,290.0,144.0,0.60872555,270.0,132.0,0.8692281,266.0,180.0,0.3919772,220.0,137.0,0.80049765,265.0,207.0,0.35917673,218.0,193.0,0.67589223,257.0,239.0,0.93791056,242.0,233.0,0.8690085,223.0,312.0,0.73510075,201.0,318.0,0.816797,174.0,267.0,0.63024616,161.0,267.0,0.6901734,0,down
down/tricep dips_1800251.jpg,300.0,204.0,0.6687592,304.0,198.0,0.48653406,299.0,199.0,0.58019394,298.0,178.0,0.6502495,283.0,179.0,0.79093665,297.0,164.0,0.652213,256.0,171.0,0.5146208,271.0,136.0,0.67618585,216.0,138.0,0.78248316,254.0,170.0,0.12960619,202.0,191.0,0.7387162,255.0,271.0,0.73285544,228.0,266.0,0.74013567,242.0,333.0,0.57233584,199.0,340.0,0.66180086,236.0,315.0,0.2913383,169.0,291.0,0.8337339,0,down
down/tricep dips_1800291.jpg,285.0,151.0,0.6333623,291.0,145.0,0.63616264,281.0,144.0,0.5302421,295.0,130.0,0.67420626,269.0,126.0,0.7241969,297.0,136.0,0.66516924,243.0,129.0,0.77607423,279.0,167.0,0.6339456,209.0,139.0,0.91640425,279.0,196.0,0.60353196,208.0,188.0,0.625985,264.0,238.0,0.87465423,237.0,235.0,0.826061,256.0,301.0,0.81560135,217.0,303.0,0.6532169,213.0,290.0,0.5306577,196.0,290.0,0.6881938,0,down
down/tricep dips_1800301.jpg,267.0,180.0,0.4243063,275.0,177.0,0.5318682,264.0,173.0,0.57003784,281.0,168.0,0.50180906,255.0,152.0,0.47927007,282.0,168.0,0.60675275,235.0,150.0,0.49827245,274.0,187.0,0.17956834,212.0,139.0,0.7514053,272.0,202.0,0.19364361,202.0,184.0,0.65815544,258.0,258.0,0.871418,231.0,255.0,0.8266721,252.0,310.0,0.81419086,213.0,308.0,0.54953986,217.0,294.0,0.31652078,212.0,350.0,0.515561,0,down
down/tricep dips_1800311.jpg,274.0,183.0,0.23403275,278.0,174.0,0.3641929,272.0,178.0,0.24529679,280.0,174.0,0.35104343,265.0,174.0,0.44849417,282.0,173.0,0.39156705,246.0,170.0,0.53597975,280.0,142.0,0.37600747,216.0,137.0,0.67128944,260.0,158.0,0.11326223,206.0,184.0,0.8568617,258.0,270.0,0.80737484,232.0,269.0,0.7184951,258.0,317.0,0.7591202,220.0,310.0,0.40136245,221.0,311.0,0.29275268,217.0,339.0,0.53533363,0,down
down/tricep dips_1800321.jpg,274.0,154.0,0.53299475,281.0,149.0,0.5460645,269.0,148.0,0.5769385,286.0,135.0,0.667621,258.0,131.0,0.6273541,291.0,137.0,0.58322155,231.0,133.0,0.7732775,282.0,158.0,0.31066862,215.0,139.0,0.83144784,288.0,192.0,0.62506837,212.0,184.0,0.8233643,269.0,242.0,0.8623211,241.0,240.0,0.7768786,268.0,298.0,0.8016801,229.0,293.0,0.44564104,231.0,287.0,0.3754354,222.0,293.0,0.29311755,0,down
down/tricep dips_1800361.jpg,260.0,149.0,0.46743998,268.0,145.0,0.58239245,255.0,145.0,0.464785,276.0,132.0,0.7874877,245.0,130.0,0.67463654,287.0,138.0,0.45041156,222.0,130.0,0.79527414,283.0,158.0,0.33216003,209.0,147.0,0.7676672,287.0,192.0,0.5175744,207.0,188.0,0.8195611,262.0,240.0,0.86965275,233.0,240.0,0.70063365,264.0,298.0,0.7406808,221.0,299.0,0.52901757,256.0,289.0,0.22667328,221.0,294.0,0.26527673,0,down
down/tricep dips_1800371.jpg,262.0,182.0,0.49490517,269.0,175.0,0.6068388,260.0,176.0,0.5512836,272.0,162.0,0.5990032,250.0,158.0,0.536375,272.0,162.0,0.6780535,224.0,155.0,0.6035234,275.0,156.0,0.3271253,209.0,144.0,0.56286263,269.0,195.0,0.19576234,202.0,187.0,0.5913141,255.0,259.0,0.8936095,224.0,260.0,0.8171475,260.0,305.0,0.7746731,214.0,311.0,0.5419903,255.0,297.0,0.34571877,216.0,310.0,0.2071148,0,down
down/tricep dips_1800391.jpg,241.0,167.0,0.52606344,249.0,159.0,0.4865715,236.0,161.0,0.45498747,260.0,145.0,0.6436496,226.0,143.0,0.60362536,270.0,145.0,0.58582175,207.0,141.0,0.61156964,270.0,152.0,0.47317606,199.0,150.0,0.7623365,276.0,188.0,0.6577928,196.0,188.0,0.7809676,250.0,241.0,0.89310026,222.0,239.0,0.7784576,254.0,291.0,0.7001751,215.0,291.0,0.57801,245.0,274.0,0.28803992,216.0,274.0,0.43383878,0,down
down/tricep dips_1800451.jpg,225.0,211.0,0.39351663,232.0,201.0,0.41826668,219.0,205.0,0.42630914,237.0,184.0,0.58437467,210.0,189.0,0.43642953,252.0,177.0,0.6796335,206.0,181.0,0.569945,264.0,142.0,0.80413306,201.0,151.0,0.57267,272.0,190.0,0.4962639,195.0,186.0,0.2737315,248.0,265.0,0.8829526,220.0,267.0,0.7859146,258.0,317.0,0.63266206,220.0,316.0,0.71110845,252.0,351.0,0.1495252,220.0,297.0,0.5450128,0,down
down/tricep dips_1800461.jpg,209.0,193.0,0.39854202,212.0,186.0,0.47937918,202.0,190.0,0.498456,217.0,171.0,0.4273589,193.0,177.0,0.4080734,233.0,164.0,0.5854361,191.0,179.0,0.61151755,250.0,143.0,0.7178718,189.0,148.0,0.44114804,260.0,189.0,0.8572398,192.0,193.0,0.25454453,235.0,267.0,0.8916683,206.0,269.0,0.6593608,248.0,314.0,0.7654339,211.0,319.0,0.5816183,247.0,355.0,0.29144418,213.0,301.0,0.5286625,0,down
down/tricep dips_1800521.jpg,175.0,172.0,0.4572323,177.0,165.0,0.48719388,170.0,166.0,0.6589592,192.0,149.0,0.7996088,175.0,153.0,0.6464151,217.0,148.0,0.4893216,187.0,161.0,0.5720161,257.0,141.0,0.8636377,194.0,186.0,0.62463975,264.0,191.0,0.65252197,185.0,200.0,0.6086017,234.0,253.0,0.8236616,206.0,256.0,0.8580401,255.0,332.0,0.73291993,215.0,320.0,0.77480227,281.0,299.0,0.5297035,275.0,297.0,0.65050083,0,down
down/tricep dips_1800531.jpg,184.0,203.0,0.6064775,186.0,194.0,0.75501126,180.0,196.0,0.7009047,202.0,177.0,0.7448855,191.0,180.0,0.5800078,229.0,168.0,0.67035437,199.0,171.0,0.668505,264.0,139.0,0.90772766,204.0,140.0,0.5495535,280.0,190.0,0.75377953,210.0,172.0,0.14527918,247.0,270.0,0.6484981,222.0,272.0,0.8705301,276.0,346.0,0.8745997,234.0,332.0,0.59027165,306.0,302.0,0.7772641,298.0,297.0,0.5751312,0,down
down/tricep dips_1800591.jpg,163.0,161.0,0.78297454,165.0,149.0,0.5151938,159.0,151.0,0.75809485,185.0,132.0,0.7818682,173.0,137.0,0.62803113,222.0,137.0,0.67972636,194.0,145.0,0.67767,277.0,147.0,0.8310441,227.0,163.0,0.20878695,283.0,214.0,0.8185043,225.0,226.0,0.2724479,247.0,278.0,0.74996936,216.0,282.0,0.7419011,288.0,357.0,0.72303313,244.0,354.0,0.86385024,330.0,353.0,0.69672436,299.0,353.0,0.42842773,0,down
down/tricep dips_1800601.jpg,160.0,207.0,0.6645138,162.0,195.0,0.67963195,156.0,198.0,0.7490361,182.0,172.0,0.6806741,169.0,178.0,0.6989566,222.0,165.0,0.7639536,184.0,173.0,0.70881224,276.0,151.0,0.8281027,191.0,175.0,0.26814574,286.0,214.0,0.8145062,194.0,222.0,0.23031792,256.0,296.0,0.77066314,225.0,299.0,0.8357537,277.0,369.0,0.18372665,237.0,356.0,0.61139095,335.0,355.0,0.41519552,330.0,352.0,0.72988856,0,down
down/tricep dips_1900001.jpg,240.0,104.0,0.7003652,237.0,99.0,0.5132998,244.0,100.0,0.6958847,232.0,103.0,0.58710784,248.0,105.0,0.78399265,213.0,118.0,0.78822356,254.0,115.0,0.79191643,201.0,121.0,0.8022267,252.0,117.0,0.3389389,206.0,154.0,0.75346076,256.0,153.0,0.36405987,220.0,186.0,0.8511183,238.0,186.0,0.7555345,216.0,246.0,0.82805854,233.0,249.0,0.8395691,209.0,306.0,0.7162959,222.0,309.0,0.7960835,0,down
down/tricep dips_1900011.jpg,236.0,110.0,0.52801406,234.0,104.0,0.5975077,240.0,106.0,0.464666,228.0,108.0,0.60250866,243.0,110.0,0.6819998,208.0,123.0,0.76200765,247.0,119.0,0.78657275,198.0,119.0,0.7325227,249.0,119.0,0.41117364,202.0,153.0,0.7511267,253.0,151.0,0.4583377,217.0,190.0,0.82448375,234.0,190.0,0.81419796,214.0,251.0,0.7358041,231.0,255.0,0.63849676,208.0,310.0,0.80743134,221.0,315.0,0.89818174,0,down
down/tricep dips_1900071.jpg,228.0,91.0,0.6227839,225.0,86.0,0.6824707,232.0,87.0,0.55799127,220.0,90.0,0.78802973,235.0,92.0,0.6069443,202.0,105.0,0.7039267,243.0,102.0,0.84552354,186.0,117.0,0.6390377,246.0,122.0,0.6050999,192.0,150.0,0.8607763,248.0,149.0,0.6827644,208.0,175.0,0.86109155,226.0,174.0,0.79541266,207.0,239.0,0.74356735,226.0,240.0,0.6102558,204.0,307.0,0.70014,217.0,307.0,0.79458946,0,down
down/tricep dips_1900081.jpg,226.0,97.0,0.4439719,224.0,92.0,0.5151193,230.0,93.0,0.46163172,217.0,98.0,0.5270703,235.0,99.0,0.7352177,200.0,111.0,0.7600983,243.0,108.0,0.74411315,190.0,115.0,0.6291612,245.0,116.0,0.28258127,191.0,149.0,0.7283141,249.0,148.0,0.6615397,209.0,183.0,0.85219264,228.0,183.0,0.7434988,206.0,249.0,0.7911078,227.0,248.0,0.7345127,206.0,315.0,0.5873781,223.0,316.0,0.791611,0,down
down/tricep dips_1900091.jpg,227.0,94.0,0.57740843,224.0,89.0,0.5236389,231.0,90.0,0.67156935,219.0,94.0,0.72993505,235.0,96.0,0.77351093,199.0,109.0,0.63828385,244.0,107.0,0.8539619,188.0,119.0,0.59529257,249.0,121.0,0.3501238,189.0,150.0,0.837214,251.0,148.0,0.66165394,210.0,181.0,0.78427184,229.0,181.0,0.7068054,208.0,247.0,0.82667464,228.0,247.0,0.8354155,210.0,311.0,0.71042156,225.0,314.0,0.8215773,0,down
down/tricep dips_1900131.jpg,224.0,73.0,0.59923184,221.0,68.0,0.38179764,229.0,69.0,0.6663543,216.0,74.0,0.66234887,233.0,75.0,0.80437905,200.0,89.0,0.84026635,242.0,88.0,0.8859507,186.0,109.0,0.7546481,250.0,112.0,0.62001157,190.0,143.0,0.70981205,251.0,144.0,0.70293987,209.0,159.0,0.69281447,228.0,159.0,0.6238891,207.0,225.0,0.73425436,227.0,225.0,0.6931381,208.0,287.0,0.5377461,225.0,287.0,0.6782652,0,down
down/tricep dips_1900141.jpg,222.0,78.0,0.67268765,219.0,73.0,0.6194225,227.0,74.0,0.49137956,213.0,79.0,0.76432955,232.0,81.0,0.7406646,196.0,93.0,0.7684978,242.0,93.0,0.8736695,186.0,104.0,0.70375144,249.0,105.0,0.37200522,189.0,135.0,0.6893962,251.0,136.0,0.8150945,209.0,166.0,0.87792665,229.0,166.0,0.84060943,207.0,232.0,0.7657414,228.0,232.0,0.7517914,210.0,299.0,0.7111206,224.0,298.0,0.87741816,0,down
down/tricep dips_1900151.jpg,222.0,83.0,0.68731844,219.0,78.0,0.69622314,227.0,78.0,0.6703852,213.0,84.0,0.78482336,232.0,85.0,0.717106,199.0,97.0,0.7618064,242.0,95.0,0.85694027,189.0,103.0,0.45548952,248.0,107.0,0.30740622,189.0,134.0,0.25351587,250.0,135.0,0.76758313,211.0,169.0,0.8702384,231.0,170.0,0.8621852,210.0,236.0,0.63744307,230.0,237.0,0.696158,216.0,307.0,0.6690986,227.0,307.0,0.8172598,0,down
down/tricep dips_1900161.jpg,222.0,71.0,0.5420623,219.0,66.0,0.5639313,228.0,68.0,0.6685075,213.0,72.0,0.7978099,233.0,75.0,0.7409893,197.0,88.0,0.6042452,243.0,89.0,0.8283221,185.0,99.0,0.71971476,251.0,105.0,0.47752014,188.0,135.0,0.80948615,251.0,137.0,0.7643113,210.0,161.0,0.84210896,231.0,161.0,0.83999157,212.0,227.0,0.7298208,230.0,228.0,0.77919865,216.0,295.0,0.7747308,231.0,296.0,0.8896609,0,down
down/tricep dips_1900201.jpg,218.0,79.0,0.62130404,215.0,74.0,0.6835028,222.0,74.0,0.58381677,209.0,80.0,0.7609999,225.0,80.0,0.59009814,195.0,95.0,0.85335374,238.0,98.0,0.767317,182.0,112.0,0.7286397,252.0,113.0,0.605669,183.0,149.0,0.86543465,249.0,148.0,0.55689144,208.0,170.0,0.87535,227.0,169.0,0.83852655,208.0,238.0,0.6648739,229.0,238.0,0.6135174,215.0,307.0,0.7987756,231.0,305.0,0.8418433,0,down
down/tricep dips_1900211.jpg,225.0,88.0,0.59078467,221.0,83.0,0.6368127,228.0,84.0,0.5630659,216.0,88.0,0.8068211,232.0,90.0,0.6798848,200.0,102.0,0.87148714,248.0,105.0,0.86568713,192.0,111.0,0.686996,258.0,112.0,0.5350336,191.0,147.0,0.88658637,254.0,147.0,0.7062788,217.0,180.0,0.8632688,237.0,180.0,0.8258089,218.0,251.0,0.81066084,238.0,251.0,0.79183793,225.0,320.0,0.8578365,243.0,317.0,0.8366196,0,down
down/tricep dips_1900231.jpg,226.0,68.0,0.5465154,222.0,64.0,0.42823377,229.0,64.0,0.5914086,218.0,69.0,0.71713364,234.0,70.0,0.8151753,202.0,85.0,0.81829894,249.0,87.0,0.7612517,193.0,104.0,0.69585943,264.0,105.0,0.6806208,194.0,141.0,0.89399517,258.0,143.0,0.7411643,217.0,160.0,0.862907,238.0,160.0,0.63992095,222.0,234.0,0.7354057,243.0,231.0,0.7969295,232.0,297.0,0.7792746,248.0,297.0,0.8344276,0,down
down/tricep dips_1900281.jpg,214.0,80.0,0.47784704,210.0,76.0,0.529305,217.0,76.0,0.48669225,205.0,81.0,0.64424944,222.0,81.0,0.56362987,192.0,96.0,0.9215207,242.0,97.0,0.82702494,190.0,125.0,0.2789007,259.0,103.0,0.62762743,187.0,142.0,0.6080589,252.0,145.0,0.450175,215.0,179.0,0.8510047,235.0,178.0,0.75123966,220.0,254.0,0.9225987,240.0,252.0,0.8569776,232.0,330.0,0.75362587,250.0,327.0,0.88288695,0,down
down/tricep dips_1900291.jpg,214.0,92.0,0.42073238,211.0,88.0,0.55146646,218.0,88.0,0.4614913,207.0,93.0,0.6147798,221.0,93.0,0.5030438,196.0,103.0,0.8687007,241.0,107.0,0.6737534,191.0,103.0,0.7138336,257.0,104.0,0.66786945,186.0,143.0,0.54062605,254.0,143.0,0.7784105,217.0,188.0,0.83849347,236.0,187.0,0.7334243,221.0,266.0,0.74046755,241.0,263.0,0.74184734,234.0,340.0,0.8210088,251.0,338.0,0.9160052,0,down
down/tricep dips_1900301.jpg,200.0,64.0,0.58132803,196.0,59.0,0.63020027,205.0,58.0,0.59852004,192.0,64.0,0.7788687,210.0,64.0,0.6982752,180.0,82.0,0.90342176,227.0,87.0,0.8019364,173.0,108.0,0.5637195,249.0,106.0,0.82344675,174.0,144.0,0.6704873,239.0,146.0,0.6501146,203.0,162.0,0.8227885,220.0,162.0,0.7259581,208.0,246.0,0.77238935,227.0,241.0,0.8253931,223.0,312.0,0.7765497,240.0,312.0,0.81671333,0,down
down/tricep dips_1900341.jpg,195.0,74.0,0.5071683,194.0,67.0,0.7470609,197.0,66.0,0.6963622,199.0,70.0,0.72798383,207.0,68.0,0.6539519,189.0,92.0,0.79352,233.0,95.0,0.82692766,189.0,131.0,0.26829603,259.0,117.0,0.7265607,183.0,158.0,0.58424985,249.0,156.0,0.7258146,213.0,177.0,0.7316671,228.0,178.0,0.8893998,219.0,263.0,0.6735301,238.0,258.0,0.87197596,240.0,339.0,0.8522979,255.0,333.0,0.91412705,0,down
down/tricep dips_1900351.jpg,211.0,89.0,0.55259776,208.0,84.0,0.48681086,215.0,83.0,0.47255197,208.0,88.0,0.7502592,222.0,87.0,0.6242567,198.0,104.0,0.8580683,245.0,109.0,0.6702776,204.0,143.0,0.31929895,268.0,121.0,0.79586935,197.0,162.0,0.7254256,261.0,161.0,0.80052775,226.0,192.0,0.77291375,240.0,193.0,0.86363596,233.0,277.0,0.87094104,252.0,273.0,0.7862819,255.0,355.0,0.76341414,271.0,346.0,0.805894,0,down
down/tricep dips_1900361.jpg,213.0,103.0,0.49310023,211.0,98.0,0.59397054,216.0,98.0,0.4916147,210.0,104.0,0.5647658,223.0,103.0,0.60298157,202.0,114.0,0.8261052,246.0,121.0,0.73596406,205.0,151.0,0.22447672,266.0,127.0,0.65403783,199.0,165.0,0.41483045,256.0,166.0,0.74128735,228.0,208.0,0.7704626,243.0,208.0,0.8540919,234.0,293.0,0.8735615,253.0,290.0,0.8344472,258.0,361.0,0.37178227,270.0,359.0,0.6605827,0,down
down/tricep dips_200501.jpg,237.0,141.0,0.5729803,238.0,131.0,0.5456902,239.0,129.0,0.53758645,222.0,109.0,0.5600532,226.0,107.0,0.69221807,210.0,136.0,0.40981972,195.0,109.0,0.6457007,186.0,182.0,0.19474503,144.0,124.0,0.83487093,174.0,221.0,0.44057354,160.0,222.0,0.7913573,155.0,275.0,0.23735873,143.0,270.0,0.29895455,91.0,253.0,0.18563136,83.0,253.0,0.16026348,83.0,310.0,0.37452495,80.0,316.0,0.4026638,0,down
down/tricep dips_200561.jpg,232.0,101.0,0.62133026,238.0,88.0,0.6125035,239.0,88.0,0.57192266,224.0,66.0,0.43475008,229.0,68.0,0.5953282,196.0,88.0,0.25867617,186.0,66.0,0.7147478,177.0,145.0,0.16063696,135.0,97.0,0.74649894,166.0,195.0,0.2963963,158.0,193.0,0.53121936,141.0,227.0,0.12472884,134.0,217.0,0.19396015,100.0,231.0,0.16676925,77.0,237.0,0.20516114,92.0,293.0,0.35218632,91.0,293.0,0.4643618,0,down
down/tricep dips_200571.jpg,239.0,106.0,0.6535233,243.0,95.0,0.74874747,245.0,95.0,0.74546456,228.0,74.0,0.52514374,230.0,73.0,0.7583784,203.0,95.0,0.359905,193.0,73.0,0.6410293,171.0,137.0,0.13517396,141.0,92.0,0.64965856,162.0,194.0,0.3667764,159.0,192.0,0.7354077,155.0,237.0,0.23401809,144.0,226.0,0.29745927,98.0,237.0,0.1281429,82.0,239.0,0.14115304,94.0,294.0,0.3278083,95.0,297.0,0.48552236,0,down
down/tricep dips_200691.jpg,231.0,132.0,0.588833,236.0,123.0,0.77469856,238.0,123.0,0.7527273,225.0,96.0,0.6176375,229.0,99.0,0.77390414,200.0,110.0,0.69627625,191.0,93.0,0.6087436,169.0,174.0,0.19670236,139.0,111.0,0.7970821,160.0,216.0,0.3821637,151.0,219.0,0.75145596,135.0,267.0,0.3298793,119.0,259.0,0.24878673,141.0,355.0,0.2634281,135.0,359.0,0.12945084,58.0,297.0,0.3021883,55.0,298.0,0.33124298,0,down
down/tricep dips_300401.jpg,270.0,148.0,0.13678847,262.0,142.0,0.2269035,407.0,187.0,0.5207021,252.0,148.0,0.32508245,398.0,191.0,0.6370106,225.0,149.0,0.57162,388.0,220.0,0.3623335,169.0,186.0,0.6156479,365.0,258.0,0.24682501,188.0,276.0,0.42833966,339.0,282.0,0.35272232,419.0,293.0,0.45044065,394.0,296.0,0.4681667,428.0,340.0,0.24213062,411.0,342.0,0.29664862,423.0,356.0,0.26091588,414.0,356.0,0.23744708,0,down
down/tricep dips_700021.jpg,239.0,252.0,0.5478051,250.0,242.0,0.67191446,233.0,242.0,0.6744188,262.0,234.0,0.6146652,224.0,233.0,0.5434534,283.0,244.0,0.7229667,205.0,241.0,0.7305073,284.0,269.0,0.34787458,193.0,243.0,0.74421555,286.0,294.0,0.36604893,191.0,290.0,0.7450433,263.0,343.0,0.84004676,222.0,343.0,0.8104572,277.0,301.0,0.23736289,209.0,301.0,0.100343645,283.0,301.0,0.2405281,280.0,303.0,0.19822031,0,down
down/tricep dips_700291.jpg,239.0,261.0,0.4658292,252.0,248.0,0.7370456,228.0,248.0,0.66777766,267.0,237.0,0.40507224,213.0,232.0,0.6060909,282.0,242.0,0.4855521,193.0,229.0,0.5278685,286.0,217.0,0.6657361,188.0,220.0,0.6803175,302.0,279.0,0.3291803,177.0,290.0,0.5699652,270.0,349.0,0.6611089,216.0,350.0,0.71330297,288.0,305.0,0.21697073,210.0,275.0,0.11145343,298.0,299.0,0.24323837,181.0,301.0,0.20808618,0,down
down/tricep dips_g14.jpg,102.0,40.0,0.7506887,103.0,34.0,0.8217068,100.0,35.0,0.5990787,113.0,27.0,0.68459535,106.0,29.0,0.7102467,133.0,29.0,0.81790626,114.0,35.0,0.6122563,169.0,22.0,0.87659603,141.0,31.0,0.21603057,173.0,49.0,0.76988405,147.0,56.0,0.13648964,166.0,66.0,0.78768605,150.0,71.0,0.88993657,181.0,108.0,0.8682004,162.0,106.0,0.704982,200.0,85.0,0.57043433,194.0,83.0,0.6003144,0,down
down/tricep dips_g15.jpg,174.0,31.0,0.80956256,174.0,27.0,0.7316385,173.0,27.0,0.6589674,165.0,24.0,0.8287549,166.0,24.0,0.76738524,155.0,30.0,0.8483949,154.0,29.0,0.90554345,131.0,32.0,0.5751059,128.0,31.0,0.8699263,133.0,52.0,0.52719206,131.0,54.0,0.74965173,132.0,74.0,0.8398494,129.0,73.0,0.8206682,133.0,110.0,0.674562,133.0,109.0,0.8239807,111.0,129.0,0.77157384,110.0,131.0,0.8677193,0,down
down/tricep dips_g16.jpg,361.0,133.0,0.691579,364.0,119.0,0.52599055,358.0,123.0,0.57460433,386.0,96.0,0.8639886,369.0,106.0,0.66432095,439.0,104.0,0.6386242,375.0,133.0,0.61592376,515.0,129.0,0.8011118,398.0,184.0,0.43680143,509.0,204.0,0.7740527,380.0,221.0,0.7810364,475.0,248.0,0.76189953,441.0,257.0,0.7064228,407.0,353.0,0.72585535,400.0,355.0,0.41535407,502.0,384.0,0.5044553,490.0,391.0,0.44537407,0,down
down/tricep dips_g2.jpg,420.0,120.0,0.57425743,429.0,97.0,0.65924513,411.0,105.0,0.6035483,492.0,78.0,0.5621751,439.0,97.0,0.15205084,605.0,124.0,0.64352214,488.0,196.0,0.76449233,786.0,113.0,0.7712031,564.0,295.0,0.37896124,755.0,255.0,0.79749376,530.0,312.0,0.17044404,721.0,394.0,0.8512691,630.0,434.0,0.8606011,744.0,664.0,0.5196502,663.0,659.0,0.7646089,890.0,609.0,0.670988,865.0,598.0,0.35285348,0,down
down/tricep dips_g20.jpg,493.0,227.0,0.621443,507.0,216.0,0.5714738,488.0,213.0,0.4881129,509.0,194.0,0.19063245,454.0,177.0,0.53450537,496.0,223.0,0.50200313,393.0,210.0,0.7187123,487.0,301.0,0.42817983,274.0,262.0,0.83120877,493.0,359.0,0.43667367,284.0,356.0,0.68410033,438.0,444.0,0.6664704,368.0,441.0,0.5620728,432.0,613.0,0.6119384,371.0,621.0,0.34419724,309.0,590.0,0.48878783,288.0,596.0,0.21385813,0,down
down/tricep dips_g21.jpg,167.0,155.0,0.69290495,183.0,120.0,0.7000994,149.0,127.0,0.606573,242.0,105.0,0.85515994,172.0,120.0,0.68309164,352.0,142.0,0.80160695,202.0,187.0,0.75654304,503.0,177.0,0.8187567,262.0,248.0,0.61114806,483.0,313.0,0.8384589,248.0,333.0,0.7574121,422.0,429.0,0.8310845,326.0,442.0,0.9171108,458.0,694.0,0.7865583,314.0,685.0,0.8750788,532.0,659.0,0.5004063,448.0,667.0,0.22079852,0,down
up/tricep dips_100141.jpg,192.0,47.0,0.66465616,186.0,35.0,0.59450656,185.0,38.0,0.57188237,200.0,9.0,0.6459054,197.0,12.0,0.7198117,248.0,25.0,0.7847874,251.0,28.0,0.66407895,261.0,140.0,0.41802782,261.0,139.0,0.45152274,278.0,259.0,0.45014486,273.0,259.0,0.6279032,276.0,213.0,0.63750553,276.0,213.0,0.58151543,256.0,355.0,0.43434948,253.0,354.0,0.5524081,253.0,361.0,0.15294096,252.0,359.0,0.1435864,1,up
up/tricep dips_100261.jpg,160.0,75.0,0.5792885,153.0,62.0,0.61292076,152.0,63.0,0.6615783,161.0,29.0,0.7953316,161.0,30.0,0.72778416,210.0,24.0,0.7947926,215.0,27.0,0.6739663,226.0,148.0,0.34333235,226.0,149.0,0.3452034,249.0,266.0,0.5773308,244.0,263.0,0.5317766,261.0,215.0,0.57588875,262.0,215.0,0.52545583,248.0,309.0,0.17475578,242.0,304.0,0.17950192,246.0,363.0,0.22422394,244.0,362.0,0.23062462,1,up
up/tricep dips_100321.jpg,179.0,73.0,0.5851276,170.0,59.0,0.57452494,170.0,61.0,0.5274041,181.0,28.0,0.8466615,179.0,29.0,0.7264877,225.0,40.0,0.62682915,232.0,41.0,0.58658016,238.0,162.0,0.6184299,237.0,162.0,0.5716814,256.0,278.0,0.5385668,255.0,276.0,0.47172222,276.0,235.0,0.66527367,281.0,231.0,0.40746862,251.0,360.0,0.31012738,246.0,359.0,0.33061945,258.0,295.0,0.13056622,255.0,292.0,0.121554315,1,up
up/tricep dips_100551.jpg,169.0,68.0,0.5574956,163.0,54.0,0.69431275,162.0,57.0,0.71046066,177.0,21.0,0.5201128,175.0,27.0,0.76374435,230.0,28.0,0.8627266,216.0,45.0,0.51433265,252.0,154.0,0.46957904,237.0,160.0,0.44517422,262.0,268.0,0.77224654,240.0,257.0,0.47949272,265.0,233.0,0.41115817,247.0,232.0,0.51076496,254.0,360.0,0.2925664,250.0,357.0,0.24661624,133.0,355.0,0.10896399,68.0,358.0,0.16312005,1,up
up/tricep dips_1100051.jpg,140.0,111.0,0.76928735,137.0,100.0,0.69818366,136.0,101.0,0.8264015,153.0,83.0,0.9305063,151.0,83.0,0.66590774,193.0,111.0,0.88877666,185.0,115.0,0.90096295,240.0,165.0,0.6170494,233.0,167.0,0.58208776,250.0,231.0,0.7212745,243.0,230.0,0.4501068,248.0,218.0,0.85073394,234.0,222.0,0.7383853,278.0,301.0,0.6972388,259.0,299.0,0.53386503,320.0,337.0,0.5086441,311.0,329.0,0.2906532,1,up
up/tricep dips_1100071.jpg,146.0,109.0,0.7771366,143.0,98.0,0.74655056,143.0,98.0,0.75857085,159.0,80.0,0.79658055,157.0,81.0,0.7614294,200.0,108.0,0.9135283,189.0,110.0,0.86714524,244.0,164.0,0.46861607,232.0,166.0,0.38476032,251.0,233.0,0.6033621,244.0,229.0,0.5346436,249.0,214.0,0.8025266,238.0,217.0,0.79488254,274.0,309.0,0.77273834,269.0,305.0,0.57793915,305.0,356.0,0.19676065,306.0,349.0,0.23876294,1,up
up/tricep dips_1100121.jpg,148.0,125.0,0.7088712,144.0,114.0,0.7488164,144.0,115.0,0.8141486,161.0,97.0,0.74000597,159.0,98.0,0.74259454,198.0,126.0,0.85757744,198.0,124.0,0.7529563,256.0,166.0,0.5564172,257.0,166.0,0.63014615,264.0,234.0,0.7051277,263.0,228.0,0.6086478,248.0,240.0,0.86194974,244.0,239.0,0.6144538,290.0,321.0,0.59636617,278.0,313.0,0.55529463,321.0,349.0,0.20341775,316.0,343.0,0.17307791,1,up
up/tricep dips_1100131.jpg,154.0,93.0,0.7490753,151.0,82.0,0.8145499,150.0,82.0,0.8106978,168.0,65.0,0.81994176,166.0,65.0,0.867906,204.0,96.0,0.86011195,205.0,94.0,0.85189724,235.0,166.0,0.5100653,240.0,163.0,0.54843765,261.0,234.0,0.46835667,266.0,225.0,0.47993857,248.0,214.0,0.7565027,255.0,208.0,0.6771135,277.0,298.0,0.6613425,286.0,295.0,0.57639754,314.0,347.0,0.29837868,316.0,338.0,0.29515204,1,up
up/tricep dips_1100141.jpg,162.0,104.0,0.7133918,159.0,94.0,0.7614156,159.0,94.0,0.69936687,176.0,76.0,0.6826974,175.0,76.0,0.81926364,211.0,104.0,0.89662457,209.0,106.0,0.83046496,257.0,165.0,0.47708645,250.0,166.0,0.4274451,266.0,233.0,0.5183442,262.0,229.0,0.50049305,258.0,217.0,0.7146916,254.0,218.0,0.70357054,284.0,312.0,0.70556617,282.0,307.0,0.6542413,315.0,358.0,0.16445181,318.0,353.0,0.22180584,1,up
up/tricep dips_1100201.jpg,162.0,109.0,0.78445095,159.0,99.0,0.8600262,159.0,99.0,0.8276298,177.0,82.0,0.5845749,175.0,83.0,0.56111646,213.0,110.0,0.91984856,207.0,111.0,0.8434792,258.0,164.0,0.4549401,256.0,167.0,0.56858885,275.0,233.0,0.603533,268.0,229.0,0.5161729,269.0,215.0,0.80047536,261.0,216.0,0.6715105,302.0,306.0,0.8174437,290.0,301.0,0.64190304,344.0,346.0,0.55074334,344.0,338.0,0.4497012,1,up
up/tricep dips_1100211.jpg,169.0,91.0,0.71734154,166.0,79.0,0.7880306,166.0,79.0,0.78489363,184.0,62.0,0.86841357,182.0,63.0,0.77143234,222.0,95.0,0.8947396,217.0,96.0,0.8316176,255.0,167.0,0.49549493,254.0,166.0,0.60232455,274.0,235.0,0.6300429,269.0,231.0,0.39724094,267.0,203.0,0.7577192,265.0,203.0,0.756419,292.0,298.0,0.8012177,295.0,294.0,0.7062268,328.0,354.0,0.1712736,330.0,344.0,0.22925866,1,up
up/tricep dips_1100221.jpg,169.0,103.0,0.7904473,166.0,92.0,0.82128453,166.0,93.0,0.8403383,183.0,74.0,0.7934334,182.0,75.0,0.88665813,219.0,105.0,0.9198128,215.0,106.0,0.7945416,262.0,165.0,0.7041026,263.0,164.0,0.59162086,276.0,232.0,0.5561995,274.0,228.0,0.4580445,272.0,212.0,0.82631814,270.0,211.0,0.7778294,298.0,308.0,0.74616337,300.0,303.0,0.69935024,333.0,354.0,0.11698932,333.0,342.0,0.1682297,1,up
up/tricep dips_1100281.jpg,176.0,96.0,0.65450203,173.0,85.0,0.8416199,173.0,86.0,0.8899588,191.0,67.0,0.89174414,189.0,68.0,0.828913,231.0,95.0,0.9039974,220.0,99.0,0.8698884,265.0,163.0,0.59632957,255.0,165.0,0.5342523,284.0,231.0,0.59216297,278.0,228.0,0.27414072,276.0,199.0,0.7869153,271.0,200.0,0.6554847,301.0,299.0,0.7725404,308.0,295.0,0.64240324,333.0,344.0,0.11589649,334.0,331.0,0.112090535,1,up
up/tricep dips_1100351.jpg,183.0,118.0,0.59931695,179.0,107.0,0.7555406,179.0,108.0,0.649032,196.0,90.0,0.79891515,195.0,90.0,0.86160743,230.0,117.0,0.8749678,227.0,117.0,0.8126787,287.0,165.0,0.60385,279.0,164.0,0.6789764,298.0,230.0,0.70813674,290.0,227.0,0.5166727,285.0,234.0,0.79543364,274.0,236.0,0.8291321,323.0,312.0,0.7010168,302.0,308.0,0.52543736,362.0,353.0,0.29596356,344.0,349.0,0.16726512,1,up
up/tricep dips_1200001.jpg,219.0,8.0,0.57082033,223.0,3.0,0.52804655,219.0,4.0,0.6815418,236.0,4.0,0.6293109,228.0,5.0,0.6171892,253.0,22.0,0.8136213,227.0,32.0,0.63469124,276.0,55.0,0.8515396,243.0,70.0,0.7301368,279.0,87.0,0.8457869,244.0,101.0,0.30543858,266.0,99.0,0.83734727,250.0,105.0,0.8594564,274.0,161.0,0.8990483,263.0,162.0,0.8660353,308.0,188.0,0.64715004,301.0,186.0,0.64291835,1,up
up/tricep dips_1200021.jpg,213.0,23.0,0.6825522,218.0,19.0,0.70071197,213.0,19.0,0.7357892,233.0,21.0,0.71628714,221.0,20.0,0.5223706,247.0,37.0,0.81626046,224.0,46.0,0.6636482,272.0,68.0,0.75193954,241.0,83.0,0.74802864,277.0,101.0,0.77469814,244.0,109.0,0.28187755,261.0,114.0,0.7832917,246.0,120.0,0.8521238,268.0,176.0,0.8905699,260.0,177.0,0.5923976,306.0,203.0,0.7385866,297.0,199.0,0.69576764,1,up
up/tricep dips_1200041.jpg,220.0,31.0,0.6944483,224.0,26.0,0.70608556,222.0,26.0,0.834746,238.0,28.0,0.77193934,232.0,27.0,0.71789855,252.0,45.0,0.9048823,230.0,56.0,0.7825708,278.0,74.0,0.7979392,246.0,93.0,0.64546275,282.0,108.0,0.8000323,247.0,125.0,0.29623443,268.0,123.0,0.8927675,253.0,129.0,0.87220395,279.0,181.0,0.91651535,270.0,182.0,0.7218393,315.0,209.0,0.67638624,306.0,206.0,0.71144044,1,up
up/tricep dips_1300021.jpg,233.0,51.0,0.69045246,234.0,47.0,0.7294598,229.0,47.0,0.68553007,227.0,49.0,0.6075016,217.0,49.0,0.64256215,230.0,77.0,0.69165826,206.0,71.0,0.8075644,223.0,113.0,0.5259929,193.0,110.0,0.78179085,226.0,145.0,0.54666543,185.0,146.0,0.7986719,213.0,145.0,0.86838746,198.0,142.0,0.8539196,204.0,197.0,0.8203839,195.0,194.0,0.8379458,176.0,227.0,0.53986347,168.0,224.0,0.68476033,1,up
up/tricep dips_1300051.jpg,234.0,49.0,0.80221826,234.0,45.0,0.77566975,228.0,45.0,0.78338695,228.0,47.0,0.6428956,217.0,48.0,0.7026762,230.0,77.0,0.7510582,203.0,73.0,0.8756319,221.0,113.0,0.65471566,193.0,114.0,0.73981756,222.0,145.0,0.36877555,184.0,147.0,0.8094146,213.0,147.0,0.86669785,198.0,145.0,0.8061583,203.0,195.0,0.7649757,194.0,194.0,0.72331893,175.0,226.0,0.68508273,168.0,229.0,0.46400052,1,up
up/tricep dips_1300081.jpg,251.0,48.0,0.76375335,252.0,44.0,0.72258186,246.0,44.0,0.7899953,247.0,46.0,0.51269674,235.0,47.0,0.7741147,248.0,75.0,0.8380733,224.0,71.0,0.9005128,238.0,111.0,0.44818568,212.0,111.0,0.67954785,240.0,139.0,0.36901435,204.0,145.0,0.7714375,232.0,146.0,0.78299284,218.0,144.0,0.8203397,224.0,194.0,0.80448884,215.0,193.0,0.66099286,194.0,223.0,0.6173229,187.0,224.0,0.6413326,1,up
up/tricep dips_1300091.jpg,257.0,58.0,0.76196855,257.0,54.0,0.5569153,252.0,54.0,0.7195766,250.0,55.0,0.5588366,240.0,57.0,0.73251534,251.0,82.0,0.68879426,227.0,79.0,0.85972303,239.0,116.0,0.6359459,210.0,114.0,0.83796877,239.0,142.0,0.5945163,206.0,147.0,0.76166713,236.0,152.0,0.7719619,222.0,151.0,0.82754236,227.0,203.0,0.8170826,218.0,202.0,0.8481358,197.0,224.0,0.7209238,190.0,227.0,0.6608423,1,up
up/tricep dips_1400021.jpg,165.0,54.0,0.76172984,172.0,43.0,0.7453531,162.0,48.0,0.85507846,200.0,43.0,0.8905449,177.0,50.0,0.558264,241.0,58.0,0.8646344,190.0,114.0,0.80856526,296.0,134.0,0.71848917,227.0,183.0,0.63333845,344.0,192.0,0.89930266,243.0,245.0,0.47955275,293.0,206.0,0.7405884,255.0,228.0,0.8825915,344.0,315.0,0.5860212,301.0,311.0,0.7300234,384.0,336.0,0.292985,377.0,331.0,0.38926736,1,up
up/tricep dips_1400031.jpg,166.0,73.0,0.66895515,172.0,61.0,0.63689286,163.0,66.0,0.50937045,201.0,59.0,0.8218745,178.0,67.0,0.6366193,250.0,73.0,0.883386,195.0,130.0,0.75729144,316.0,128.0,0.8217037,244.0,187.0,0.5572678,357.0,198.0,0.7495823,250.0,248.0,0.5088235,309.0,230.0,0.8772133,271.0,252.0,0.86315936,360.0,350.0,0.61770415,291.0,348.0,0.41112998,363.0,225.0,0.63009655,377.0,327.0,0.18783322,1,up
up/tricep dips_1400121.jpg,152.0,10.0,0.7685594,161.0,2.0,0.48194122,151.0,5.0,0.7278433,191.0,4.0,0.8667235,171.0,8.0,0.62370336,234.0,19.0,0.8741883,179.0,76.0,0.8065975,292.0,104.0,0.893237,219.0,154.0,0.63549244,336.0,176.0,0.8567939,235.0,220.0,0.7882508,286.0,183.0,0.9197858,246.0,200.0,0.8887354,328.0,293.0,0.7724236,290.0,287.0,0.65105295,369.0,312.0,0.57280993,357.0,314.0,0.8192618,1,up
up/tricep dips_1500001.jpg,217.0,22.0,0.48882538,222.0,15.0,0.71128905,218.0,16.0,0.56153524,238.0,16.0,0.78750104,230.0,16.0,0.7324739,258.0,42.0,0.8871917,226.0,51.0,0.75621724,274.0,90.0,0.895417,246.0,100.0,0.6157477,291.0,133.0,0.58935416,248.0,145.0,0.47442392,272.0,132.0,0.8909389,252.0,139.0,0.8318606,288.0,202.0,0.90515125,271.0,199.0,0.5695816,329.0,238.0,0.76649684,320.0,232.0,0.49036065,1,up
up/tricep dips_1500051.jpg,232.0,42.0,0.78529567,236.0,37.0,0.7099346,233.0,37.0,0.80100244,253.0,37.0,0.80027354,244.0,37.0,0.76866305,270.0,58.0,0.79817826,241.0,72.0,0.7809426,299.0,96.0,0.9411749,259.0,113.0,0.6457044,304.0,137.0,0.704018,263.0,142.0,0.31403616,285.0,151.0,0.87704813,266.0,158.0,0.8587697,296.0,224.0,0.91639924,282.0,224.0,0.60444605,338.0,257.0,0.78331244,323.0,255.0,0.4950047,1,up
up/tricep dips_1500061.jpg,229.0,33.0,0.66183066,235.0,27.0,0.6963552,231.0,27.0,0.7730973,251.0,28.0,0.6766912,241.0,28.0,0.48794115,273.0,51.0,0.8672265,239.0,61.0,0.84802026,293.0,100.0,0.8042906,257.0,107.0,0.51714784,305.0,141.0,0.55876845,263.0,150.0,0.36146387,285.0,145.0,0.7957532,267.0,151.0,0.8349371,296.0,216.0,0.8012905,283.0,212.0,0.7584958,340.0,244.0,0.7913152,330.0,238.0,0.49640876,1,up
up/tricep dips_1500111.jpg,228.0,43.0,0.690526,234.0,38.0,0.68991506,230.0,38.0,0.8045491,249.0,40.0,0.7654855,241.0,40.0,0.57898754,268.0,63.0,0.8060707,239.0,73.0,0.6389539,285.0,110.0,0.7664971,258.0,123.0,0.56262803,302.0,152.0,0.58388966,261.0,167.0,0.38291493,283.0,153.0,0.89231706,265.0,160.0,0.8323428,298.0,224.0,0.8143535,282.0,221.0,0.7212397,338.0,256.0,0.7850168,324.0,252.0,0.35446241,1,up
up/tricep dips_1500121.jpg,228.0,55.0,0.8204917,233.0,50.0,0.8150703,230.0,50.0,0.67111564,250.0,51.0,0.8848208,241.0,50.0,0.6773898,271.0,71.0,0.8662238,241.0,84.0,0.74413395,298.0,111.0,0.89334404,262.0,125.0,0.6255359,305.0,151.0,0.8560546,263.0,158.0,0.39980665,284.0,162.0,0.74380326,267.0,169.0,0.8440968,293.0,238.0,0.9114013,280.0,236.0,0.69385976,338.0,264.0,0.5992974,325.0,261.0,0.69370127,1,up
up/tricep dips_1500161.jpg,232.0,50.0,0.5545248,238.0,46.0,0.6727127,234.0,46.0,0.7707708,254.0,47.0,0.8071051,246.0,47.0,0.69748443,271.0,67.0,0.70929027,242.0,78.0,0.66001034,296.0,107.0,0.9075659,261.0,126.0,0.6556047,304.0,148.0,0.834572,263.0,163.0,0.30561417,286.0,162.0,0.8188716,267.0,169.0,0.8568432,302.0,230.0,0.9213228,287.0,230.0,0.7599398,341.0,263.0,0.78130907,330.0,259.0,0.5551015,1,up
up/tricep dips_1500171.jpg,228.0,43.0,0.6228037,234.0,37.0,0.54861563,229.0,37.0,0.59883213,250.0,39.0,0.77454305,240.0,38.0,0.6067294,269.0,61.0,0.7915401,239.0,71.0,0.7570027,292.0,106.0,0.8474057,255.0,121.0,0.5573807,302.0,147.0,0.6714099,260.0,165.0,0.4381811,284.0,153.0,0.89860326,265.0,160.0,0.829638,299.0,222.0,0.8545616,284.0,221.0,0.66472197,340.0,252.0,0.81423414,333.0,248.0,0.4719219,1,up
up/tricep dips_1700011.jpg,174.0,97.0,0.728485,171.0,88.0,0.47862488,172.0,88.0,0.6535223,185.0,71.0,0.8228451,184.0,72.0,0.7138275,219.0,75.0,0.8912922,206.0,82.0,0.7771621,261.0,118.0,0.6712684,221.0,131.0,0.40481392,264.0,174.0,0.69345546,247.0,174.0,0.42683253,238.0,191.0,0.7114867,226.0,194.0,0.6785308,265.0,275.0,0.72145355,206.0,247.0,0.5856811,315.0,298.0,0.726882,260.0,256.0,0.35704103,1,up
up/tricep dips_1700021.jpg,176.0,81.0,0.66474175,176.0,71.0,0.7843273,175.0,73.0,0.63932276,194.0,58.0,0.83813953,189.0,61.0,0.68347955,225.0,64.0,0.72136605,207.0,79.0,0.66142666,258.0,121.0,0.79747754,231.0,127.0,0.39807174,263.0,178.0,0.6909182,254.0,178.0,0.36182058,236.0,181.0,0.7230523,225.0,184.0,0.7557234,260.0,268.0,0.8083636,213.0,239.0,0.5865865,309.0,299.0,0.6938212,270.0,256.0,0.43303603,1,up
up/tricep dips_1700081.jpg,182.0,89.0,0.61855626,183.0,79.0,0.6532062,179.0,81.0,0.6982368,198.0,60.0,0.679011,187.0,65.0,0.7078979,236.0,64.0,0.86854184,205.0,79.0,0.63537407,275.0,111.0,0.9221863,217.0,116.0,0.5719621,283.0,177.0,0.8277338,222.0,169.0,0.5110829,248.0,186.0,0.769593,224.0,191.0,0.8415676,274.0,287.0,0.6813737,237.0,259.0,0.31437227,329.0,278.0,0.65212786,294.0,264.0,0.3094087,1,up
up/tricep dips_1700151.jpg,196.0,71.0,0.5829333,196.0,62.0,0.59295094,189.0,66.0,0.5188708,210.0,36.0,0.70364594,189.0,44.0,0.6126194,253.0,36.0,0.6992351,197.0,59.0,0.5550413,292.0,96.0,0.77028376,209.0,113.0,0.77219224,301.0,166.0,0.7284227,205.0,166.0,0.5908277,258.0,173.0,0.7718718,225.0,179.0,0.8302667,283.0,272.0,0.73767227,234.0,256.0,0.793277,315.0,246.0,0.761029,287.0,250.0,0.32002476,1,up
up/tricep dips_1700211.jpg,244.0,101.0,0.6234119,250.0,92.0,0.6769457,235.0,98.0,0.5299612,264.0,71.0,0.78262424,225.0,83.0,0.6328567,300.0,69.0,0.8674374,221.0,98.0,0.7014816,327.0,131.0,0.8666035,224.0,143.0,0.68540066,332.0,198.0,0.83271253,220.0,202.0,0.8270517,287.0,228.0,0.7475796,250.0,226.0,0.86243093,306.0,317.0,0.5615206,250.0,314.0,0.64599824,312.0,310.0,0.45264736,259.0,308.0,0.34109285,1,up
up/tricep dips_1700231.jpg,242.0,147.0,0.52288556,251.0,138.0,0.58937514,232.0,141.0,0.6508617,268.0,112.0,0.61713725,218.0,121.0,0.67068064,298.0,103.0,0.8059809,210.0,126.0,0.43146917,321.0,145.0,0.74515593,209.0,158.0,0.78364205,322.0,207.0,0.73759127,205.0,205.0,0.70304656,280.0,235.0,0.636534,238.0,233.0,0.6305524,285.0,288.0,0.21985862,239.0,285.0,0.26645684,290.0,349.0,0.59847575,240.0,341.0,0.5118577,1,up
up/tricep dips_1700271.jpg,286.0,119.0,0.4461904,296.0,109.0,0.5955144,277.0,114.0,0.3964581,306.0,85.0,0.7091472,256.0,92.0,0.48834035,324.0,84.0,0.6974978,228.0,86.0,0.6447649,326.0,112.0,0.58839023,222.0,121.0,0.89467585,332.0,167.0,0.84651625,215.0,174.0,0.8215911,298.0,226.0,0.6868879,254.0,222.0,0.6808286,301.0,300.0,0.6843887,247.0,302.0,0.44568312,294.0,307.0,0.40214074,253.0,349.0,0.47567552,1,up
up/tricep dips_1700281.jpg,271.0,69.0,0.5904789,280.0,60.0,0.51755655,262.0,62.0,0.36925402,291.0,39.0,0.7060877,248.0,40.0,0.67463183,307.0,54.0,0.8002013,226.0,57.0,0.81279457,313.0,123.0,0.9049132,217.0,128.0,0.91319394,321.0,182.0,0.62095535,205.0,194.0,0.8193677,285.0,200.0,0.80145866,246.0,199.0,0.715784,289.0,278.0,0.780001,234.0,283.0,0.61175305,277.0,296.0,0.55261517,238.0,301.0,0.49441156,1,up
up/tricep dips_1700291.jpg,275.0,134.0,0.49158278,283.0,126.0,0.5009256,269.0,128.0,0.4760298,289.0,110.0,0.6783693,249.0,109.0,0.6528286,301.0,116.0,0.78061503,220.0,108.0,0.64750445,302.0,155.0,0.72255385,204.0,150.0,0.78999275,305.0,202.0,0.69988513,197.0,201.0,0.66087484,275.0,240.0,0.62887573,239.0,240.0,0.5892664,273.0,309.0,0.74932134,230.0,312.0,0.51230085,253.0,327.0,0.628631,228.0,329.0,0.39461294,1,up
up/tricep dips_1700331.jpg,268.0,119.0,0.37212113,275.0,112.0,0.5628202,261.0,110.0,0.63967305,282.0,93.0,0.6669855,248.0,90.0,0.6824975,287.0,97.0,0.6522287,222.0,87.0,0.7751606,283.0,126.0,0.36804622,203.0,109.0,0.89026845,284.0,158.0,0.564152,194.0,159.0,0.86127,265.0,198.0,0.879092,237.0,194.0,0.7603383,259.0,262.0,0.900687,226.0,261.0,0.51841545,231.0,250.0,0.19830458,206.0,246.0,0.5282735,1,up
up/tricep dips_1700341.jpg,260.0,77.0,0.5961486,268.0,70.0,0.60209477,254.0,71.0,0.66057414,276.0,55.0,0.7137364,243.0,52.0,0.65105414,285.0,64.0,0.5750452,218.0,59.0,0.7660441,282.0,114.0,0.6726637,205.0,119.0,0.81160647,285.0,168.0,0.58999944,195.0,174.0,0.78109515,261.0,180.0,0.77312356,234.0,175.0,0.67243344,254.0,252.0,0.83488196,215.0,245.0,0.6341866,223.0,246.0,0.24326012,203.0,242.0,0.5575887,1,up
up/tricep dips_1700351.jpg,262.0,121.0,0.5383278,270.0,115.0,0.5536543,257.0,115.0,0.5446051,276.0,101.0,0.65982616,246.0,97.0,0.68391424,281.0,105.0,0.6628912,221.0,98.0,0.8050144,280.0,144.0,0.60229874,203.0,134.0,0.8482444,282.0,180.0,0.6286578,198.0,182.0,0.69010377,260.0,212.0,0.81751907,235.0,211.0,0.7522383,256.0,275.0,0.89323,220.0,267.0,0.38875425,224.0,279.0,0.34027338,207.0,272.0,0.36666813,1,up
up/tricep dips_1700401.jpg,277.0,97.0,0.58450377,283.0,93.0,0.5037532,273.0,93.0,0.59792805,288.0,80.0,0.6460242,262.0,77.0,0.54715157,292.0,85.0,0.6379485,239.0,81.0,0.74654377,282.0,127.0,0.6519878,215.0,122.0,0.78058684,281.0,168.0,0.73975563,211.0,171.0,0.7778838,269.0,190.0,0.8508563,242.0,185.0,0.7673269,260.0,255.0,0.80049354,224.0,259.0,0.6641511,226.0,248.0,0.3447488,203.0,246.0,0.5946538,1,up
up/tricep dips_1700411.jpg,271.0,99.0,0.45867062,279.0,94.0,0.5165082,268.0,93.0,0.5294516,285.0,80.0,0.67129946,258.0,76.0,0.7677747,286.0,85.0,0.71096975,235.0,80.0,0.7735873,273.0,129.0,0.6645298,213.0,122.0,0.7653413,279.0,166.0,0.6883888,209.0,172.0,0.6699015,264.0,188.0,0.67493844,242.0,185.0,0.6746063,258.0,255.0,0.8244933,228.0,254.0,0.44736183,222.0,253.0,0.31809965,200.0,247.0,0.553471,1,up
up/tricep dips_1700471.jpg,269.0,80.0,0.64942265,274.0,75.0,0.5959854,267.0,75.0,0.51689756,273.0,64.0,0.684068,256.0,60.0,0.60188407,275.0,75.0,0.5476465,233.0,71.0,0.8287356,265.0,116.0,0.5427537,215.0,115.0,0.8184397,264.0,153.0,0.6887169,208.0,162.0,0.72066873,254.0,165.0,0.7972748,237.0,161.0,0.7761661,248.0,236.0,0.6578646,214.0,236.0,0.7965246,205.0,223.0,0.19371937,184.0,219.0,0.6472337,1,up
up/tricep dips_1700481.jpg,275.0,112.0,0.6267488,280.0,107.0,0.56604266,274.0,107.0,0.6143654,279.0,94.0,0.6959193,262.0,90.0,0.8503819,276.0,103.0,0.5507103,240.0,98.0,0.7995089,261.0,138.0,0.5828601,212.0,129.0,0.74357045,267.0,171.0,0.65473294,209.0,177.0,0.6598697,259.0,192.0,0.8340134,239.0,187.0,0.7379224,250.0,265.0,0.72743344,221.0,265.0,0.83946824,197.0,258.0,0.5337354,187.0,257.0,0.4077904,1,up
up/tricep dips_1700531.jpg,291.0,113.0,0.6837714,295.0,109.0,0.63399434,289.0,108.0,0.6367915,290.0,97.0,0.63923484,276.0,93.0,0.6349652,289.0,107.0,0.48674577,252.0,97.0,0.8185811,269.0,142.0,0.550783,219.0,128.0,0.69296217,274.0,177.0,0.55351144,221.0,177.0,0.87312156,268.0,199.0,0.78419995,249.0,195.0,0.8483764,259.0,275.0,0.68597186,231.0,279.0,0.8118396,211.0,263.0,0.4430081,188.0,265.0,0.5865488,1,up
up/tricep dips_1700581.jpg,307.0,93.0,0.67980766,309.0,88.0,0.548409,306.0,86.0,0.5990677,302.0,73.0,0.70424587,293.0,69.0,0.5178071,300.0,94.0,0.5406914,266.0,78.0,0.6376139,283.0,130.0,0.4675902,240.0,120.0,0.74058825,287.0,171.0,0.72543126,231.0,173.0,0.8724381,280.0,180.0,0.8910357,261.0,174.0,0.8323574,261.0,250.0,0.61739576,229.0,254.0,0.76564765,213.0,228.0,0.5472468,198.0,229.0,0.3931868,1,up
up/tricep dips_1700591.jpg,310.0,101.0,0.7298248,313.0,96.0,0.6856033,310.0,94.0,0.6632744,305.0,82.0,0.5625491,297.0,78.0,0.8246113,304.0,101.0,0.6347592,268.0,86.0,0.83987033,285.0,137.0,0.3864134,241.0,128.0,0.515898,287.0,178.0,0.54762006,235.0,179.0,0.75864947,282.0,188.0,0.85908127,264.0,184.0,0.84110475,265.0,260.0,0.5922129,234.0,263.0,0.75549257,214.0,239.0,0.6399991,202.0,242.0,0.48565674,1,up
up/tricep dips_1800001.jpg,274.0,63.0,0.77797824,275.0,54.0,0.6358905,272.0,52.0,0.7938479,260.0,46.0,0.6697757,253.0,43.0,0.67791593,250.0,79.0,0.78624755,227.0,66.0,0.6953949,221.0,129.0,0.6054566,208.0,128.0,0.68099725,237.0,186.0,0.376621,199.0,192.0,0.7363976,231.0,186.0,0.8591821,217.0,181.0,0.8052402,216.0,270.0,0.822925,198.0,271.0,0.8315968,160.0,306.0,0.5162183,136.0,311.0,0.7584684,1,up
up/tricep dips_1800011.jpg,276.0,69.0,0.6864488,278.0,61.0,0.83206666,276.0,59.0,0.76741475,263.0,51.0,0.7764817,258.0,49.0,0.7839027,248.0,82.0,0.74824655,233.0,71.0,0.8890256,216.0,132.0,0.58387464,206.0,129.0,0.8333732,221.0,187.0,0.29951742,197.0,194.0,0.67810476,230.0,189.0,0.8873022,218.0,186.0,0.81755054,207.0,274.0,0.5972109,193.0,275.0,0.7940883,153.0,306.0,0.5561998,131.0,305.0,0.49648324,1,up
up/tricep dips_1800081.jpg,281.0,80.0,0.7690595,282.0,72.0,0.86467975,279.0,70.0,0.6278881,266.0,63.0,0.7206483,261.0,60.0,0.6803088,249.0,86.0,0.51301605,240.0,78.0,0.49828413,212.0,133.0,0.6205675,210.0,129.0,0.79898936,201.0,190.0,0.55452704,201.0,193.0,0.5506487,235.0,194.0,0.7840532,227.0,191.0,0.8212259,210.0,288.0,0.7769239,199.0,288.0,0.8122388,152.0,257.0,0.5942427,142.0,259.0,0.7450319,1,up
up/tricep dips_1800141.jpg,306.0,105.0,0.7001629,308.0,98.0,0.71775246,306.0,97.0,0.6083491,296.0,85.0,0.6641814,291.0,82.0,0.80953515,286.0,109.0,0.69945145,259.0,96.0,0.8941831,252.0,147.0,0.46383944,223.0,139.0,0.9070138,265.0,188.0,0.41179198,218.0,197.0,0.67005444,259.0,210.0,0.92067564,245.0,206.0,0.83144796,233.0,291.0,0.71868765,210.0,295.0,0.88424504,174.0,258.0,0.42892694,160.0,259.0,0.8418822,1,up
up/tricep dips_1800151.jpg,308.0,109.0,0.58396685,310.0,101.0,0.75015485,308.0,101.0,0.72980547,298.0,89.0,0.74088013,292.0,86.0,0.8339375,289.0,113.0,0.7930846,260.0,99.0,0.7023669,264.0,151.0,0.5825151,225.0,141.0,0.8707129,272.0,194.0,0.634181,224.0,197.0,0.8359277,265.0,216.0,0.9117095,248.0,212.0,0.8444828,240.0,299.0,0.71693337,216.0,302.0,0.76852417,209.0,287.0,0.20140342,163.0,279.0,0.7484578,1,up
up/tricep dips_1800211.jpg,303.0,94.0,0.6075195,305.0,87.0,0.80176073,301.0,85.0,0.7502436,293.0,76.0,0.47235993,283.0,70.0,0.7164843,289.0,103.0,0.82307786,248.0,82.0,0.90860724,262.0,142.0,0.3958583,218.0,133.0,0.71708894,269.0,195.0,0.54150105,214.0,196.0,0.6699935,266.0,206.0,0.88740134,243.0,200.0,0.7641027,248.0,297.0,0.65887535,215.0,299.0,0.61880666,199.0,299.0,0.3997807,166.0,298.0,0.7542621,1,up
up/tricep dips_1800271.jpg,285.0,76.0,0.5527843,288.0,68.0,0.65234673,282.0,68.0,0.7340297,284.0,58.0,0.6874707,268.0,53.0,0.7644858,287.0,80.0,0.6741637,235.0,71.0,0.8290776,279.0,135.0,0.4280026,217.0,130.0,0.82204765,280.0,190.0,0.7201694,205.0,189.0,0.7430142,262.0,190.0,0.8933892,236.0,185.0,0.75453466,254.0,265.0,0.6983305,213.0,269.0,0.8121926,216.0,264.0,0.25157583,183.0,250.0,0.76411957,1,up
up/tricep dips_1800281.jpg,285.0,113.0,0.6672442,292.0,107.0,0.73247814,282.0,107.0,0.403674,292.0,94.0,0.724158,267.0,91.0,0.5855309,295.0,104.0,0.48455292,239.0,99.0,0.7946784,280.0,146.0,0.6082884,209.0,135.0,0.8194168,282.0,191.0,0.68652517,209.0,189.0,0.7990153,265.0,215.0,0.70865774,243.0,210.0,0.7687352,260.0,295.0,0.6624812,219.0,292.0,0.5163137,216.0,283.0,0.52045834,194.0,279.0,0.6166273,1,up
up/tricep dips_1800331.jpg,277.0,93.0,0.5879801,284.0,85.0,0.50612605,272.0,85.0,0.6223635,289.0,80.0,0.79336727,262.0,77.0,0.6954197,298.0,96.0,0.6802189,241.0,91.0,0.8465446,294.0,138.0,0.73657185,223.0,134.0,0.6428205,297.0,184.0,0.6415808,221.0,185.0,0.78999764,278.0,204.0,0.82937527,251.0,201.0,0.7618963,280.0,275.0,0.7283547,244.0,273.0,0.19925164,244.0,261.0,0.30212864,226.0,257.0,0.6595315,1,up
up/tricep dips_1800341.jpg,284.0,73.0,0.61178994,289.0,63.0,0.531147,277.0,64.0,0.64250827,291.0,57.0,0.7285159,265.0,57.0,0.69041777,303.0,82.0,0.6161045,243.0,80.0,0.85980356,303.0,136.0,0.8191577,233.0,135.0,0.85997313,307.0,187.0,0.86268014,227.0,185.0,0.7988011,283.0,189.0,0.85479105,257.0,189.0,0.8093277,286.0,266.0,0.68333936,239.0,267.0,0.69096506,256.0,256.0,0.2522318,235.0,256.0,0.3150846,1,up
up/tricep dips_1800401.jpg,237.0,108.0,0.59055567,244.0,102.0,0.5858823,232.0,103.0,0.5219914,252.0,91.0,0.74358034,226.0,91.0,0.6747265,266.0,104.0,0.81646824,210.0,103.0,0.83799547,271.0,147.0,0.5986207,201.0,147.0,0.6598916,276.0,190.0,0.68665075,197.0,191.0,0.84058416,250.0,210.0,0.88848627,223.0,209.0,0.84171915,255.0,278.0,0.6771182,214.0,277.0,0.42099094,250.0,261.0,0.27178288,217.0,258.0,0.34722167,1,up
up/tricep dips_1800411.jpg,228.0,81.0,0.6450503,233.0,72.0,0.71512103,222.0,73.0,0.6673734,240.0,63.0,0.6297592,214.0,67.0,0.46094674,253.0,88.0,0.88855064,200.0,90.0,0.71421325,260.0,140.0,0.87743133,197.0,140.0,0.5813118,267.0,191.0,0.70725596,190.0,190.0,0.7252476,240.0,193.0,0.81850505,211.0,194.0,0.795892,247.0,267.0,0.5859481,200.0,270.0,0.5804813,245.0,271.0,0.38652968,205.0,254.0,0.41034842,1,up
up/tricep dips_1800421.jpg,225.0,104.0,0.50382996,230.0,96.0,0.6850732,219.0,97.0,0.5338011,239.0,84.0,0.5867772,214.0,87.0,0.48362437,254.0,101.0,0.839465,202.0,105.0,0.63028115,265.0,149.0,0.8144955,196.0,150.0,0.8213039,269.0,195.0,0.6404438,192.0,194.0,0.8185464,242.0,210.0,0.8445476,214.0,210.0,0.78901726,250.0,284.0,0.6075762,206.0,286.0,0.6089034,250.0,270.0,0.41943577,210.0,258.0,0.5762272,1,up
up/tricep dips_1800431.jpg,228.0,132.0,0.51126194,234.0,126.0,0.46333122,222.0,129.0,0.40470225,243.0,115.0,0.7218369,215.0,117.0,0.61266017,259.0,121.0,0.74817634,202.0,123.0,0.61384106,270.0,154.0,0.7381863,195.0,155.0,0.49469042,276.0,196.0,0.58539027,194.0,192.0,0.6345862,245.0,228.0,0.8530704,219.0,227.0,0.857159,254.0,287.0,0.71583945,216.0,282.0,0.49776232,253.0,278.0,0.28939715,217.0,271.0,0.4656884,1,up
up/tricep dips_1800481.jpg,196.0,78.0,0.5957198,201.0,69.0,0.6575193,190.0,71.0,0.6615967,213.0,61.0,0.6962563,189.0,67.0,0.5603119,238.0,84.0,0.7458005,182.0,91.0,0.77453125,251.0,138.0,0.78479546,184.0,143.0,0.5933329,259.0,186.0,0.5063079,175.0,196.0,0.64233696,223.0,204.0,0.7381548,194.0,205.0,0.80228186,236.0,267.0,0.6054143,193.0,270.0,0.63283587,239.0,344.0,0.25379127,190.0,327.0,0.24363461,1,up
up/tricep dips_1800491.jpg,179.0,82.0,0.6821785,184.0,72.0,0.7761767,174.0,74.0,0.66209877,198.0,63.0,0.63418686,175.0,69.0,0.585275,225.0,86.0,0.8810037,165.0,94.0,0.8157381,241.0,140.0,0.79280525,166.0,146.0,0.7961842,244.0,191.0,0.67830074,162.0,192.0,0.65505266,209.0,201.0,0.7430606,180.0,202.0,0.7773347,217.0,280.0,0.5456707,180.0,276.0,0.74137163,233.0,266.0,0.3579465,224.0,264.0,0.16316302,1,up
up/tricep dips_1800561.jpg,171.0,82.0,0.5188776,176.0,72.0,0.7936596,168.0,73.0,0.6757046,196.0,61.0,0.7689636,179.0,65.0,0.5756044,228.0,78.0,0.76833254,180.0,93.0,0.6324942,260.0,137.0,0.8014523,205.0,140.0,0.41598228,267.0,198.0,0.6596308,206.0,192.0,0.3411946,230.0,212.0,0.7100679,199.0,214.0,0.8392267,263.0,292.0,0.81676275,211.0,288.0,0.6372628,303.0,316.0,0.62496674,263.0,294.0,0.45483905,1,up
up/tricep dips_1800571.jpg,168.0,75.0,0.70262456,172.0,63.0,0.6644109,163.0,66.0,0.58997893,191.0,52.0,0.7820601,171.0,58.0,0.62474567,225.0,72.0,0.78114945,177.0,88.0,0.71169984,250.0,136.0,0.86927974,201.0,142.0,0.41194406,261.0,199.0,0.7006799,197.0,195.0,0.5012977,224.0,206.0,0.7586723,195.0,211.0,0.782562,251.0,296.0,0.8402135,207.0,293.0,0.6806054,300.0,327.0,0.71035266,263.0,304.0,0.39777943,1,up
up/tricep dips_1900031.jpg,229.0,49.0,0.6218109,226.0,45.0,0.46160716,234.0,46.0,0.59155476,221.0,50.0,0.7728195,238.0,52.0,0.72996736,205.0,73.0,0.6435522,245.0,74.0,0.89387447,197.0,111.0,0.736691,243.0,111.0,0.76749533,195.0,147.0,0.7227516,247.0,146.0,0.8959452,210.0,131.0,0.761521,228.0,132.0,0.7588669,207.0,196.0,0.81016,224.0,198.0,0.83584696,201.0,244.0,0.63794494,214.0,244.0,0.4478035,1,up
up/tricep dips_1900111.jpg,224.0,51.0,0.5656812,221.0,46.0,0.68081033,229.0,47.0,0.4779683,216.0,51.0,0.78032714,234.0,53.0,0.8364982,199.0,73.0,0.76840204,243.0,74.0,0.78471464,191.0,108.0,0.8808265,246.0,111.0,0.57796174,190.0,146.0,0.7405124,250.0,147.0,0.78642005,208.0,136.0,0.7103704,228.0,136.0,0.8304876,205.0,198.0,0.8867846,226.0,201.0,0.7834917,203.0,246.0,0.7159537,219.0,245.0,0.4766237,1,up
up/tricep dips_1900171.jpg,221.0,39.0,0.5313448,218.0,34.0,0.6887963,225.0,34.0,0.5549264,212.0,40.0,0.7072606,231.0,41.0,0.8308331,196.0,63.0,0.88572794,241.0,64.0,0.9078373,185.0,99.0,0.7871076,249.0,101.0,0.7423725,186.0,139.0,0.8436372,249.0,139.0,0.83402306,208.0,127.0,0.81847876,228.0,127.0,0.7154238,208.0,193.0,0.8621775,229.0,192.0,0.56037486,210.0,239.0,0.4739208,227.0,239.0,0.27899438,1,up
up/tricep dips_1900181.jpg,218.0,45.0,0.68267226,214.0,39.0,0.715877,223.0,40.0,0.76004994,210.0,45.0,0.7759974,227.0,46.0,0.7926496,194.0,68.0,0.93040216,239.0,71.0,0.9321642,185.0,107.0,0.7869111,246.0,109.0,0.7940029,184.0,145.0,0.74924964,248.0,145.0,0.7975869,207.0,136.0,0.8185122,226.0,137.0,0.82781327,206.0,206.0,0.8418701,226.0,206.0,0.8577677,211.0,265.0,0.7019022,227.0,266.0,0.8474587,1,up
up/tricep dips_1900191.jpg,215.0,65.0,0.66807866,212.0,60.0,0.7301453,220.0,60.0,0.7571471,207.0,65.0,0.8221737,224.0,67.0,0.7698561,191.0,85.0,0.81355923,235.0,86.0,0.90921617,179.0,112.0,0.57686377,249.0,115.0,0.7899235,181.0,150.0,0.9178883,245.0,150.0,0.79051363,204.0,159.0,0.88344735,223.0,158.0,0.7090274,206.0,227.0,0.71632004,226.0,223.0,0.6850439,209.0,290.0,0.78104615,227.0,292.0,0.8736329,1,up
up/tricep dips_1900241.jpg,224.0,31.0,0.5021725,220.0,25.0,0.5750122,228.0,26.0,0.5096351,214.0,31.0,0.57476425,234.0,32.0,0.8518414,199.0,56.0,0.86674654,247.0,59.0,0.9020162,195.0,96.0,0.5875343,254.0,100.0,0.8521357,193.0,140.0,0.84104806,255.0,139.0,0.7695612,217.0,123.0,0.86567545,236.0,122.0,0.77035826,221.0,194.0,0.83416235,241.0,192.0,0.6192364,228.0,249.0,0.4514078,248.0,248.0,0.3937394,1,up
up/tricep dips_1900251.jpg,215.0,42.0,0.6219402,211.0,37.0,0.59481746,220.0,37.0,0.68512654,206.0,42.0,0.691123,225.0,43.0,0.7924168,191.0,62.0,0.779076,237.0,66.0,0.9073592,187.0,101.0,0.73204726,251.0,103.0,0.8789939,186.0,141.0,0.78198624,250.0,141.0,0.59377766,210.0,135.0,0.7094505,228.0,135.0,0.87306696,212.0,208.0,0.83147246,233.0,205.0,0.7866297,222.0,265.0,0.6564091,241.0,266.0,0.54310787,1,up
up/tricep dips_1900381.jpg,217.0,43.0,0.58987284,215.0,37.0,0.53812575,222.0,37.0,0.58209896,216.0,42.0,0.656649,230.0,40.0,0.5198722,206.0,71.0,0.76776844,252.0,80.0,0.8516642,207.0,122.0,0.7019884,258.0,128.0,0.7243267,202.0,173.0,0.8750871,259.0,174.0,0.66807324,227.0,153.0,0.8615333,244.0,153.0,0.76148885,234.0,239.0,0.89982474,254.0,236.0,0.8248962,259.0,305.0,0.51769865,275.0,304.0,0.79678905,1,up
up/tricep dips_1900451.jpg,222.0,39.0,0.6242179,222.0,31.0,0.674212,227.0,30.0,0.62633497,230.0,30.0,0.79358727,240.0,29.0,0.6491467,223.0,58.0,0.7789957,269.0,72.0,0.83853483,230.0,119.0,0.59179306,286.0,128.0,0.75428045,229.0,177.0,0.46330085,286.0,178.0,0.548505,250.0,166.0,0.86759555,265.0,165.0,0.79484093,264.0,269.0,0.6841148,281.0,263.0,0.8272462,299.0,359.0,0.68296397,312.0,351.0,0.8732692,1,up
up/tricep dips_1900461.jpg,225.0,35.0,0.528191,225.0,26.0,0.7115396,229.0,26.0,0.63840014,236.0,26.0,0.69448197,243.0,26.0,0.6479765,229.0,51.0,0.61881626,274.0,68.0,0.8006405,239.0,116.0,0.47849485,291.0,127.0,0.7973156,233.0,181.0,0.5731521,286.0,178.0,0.5266727,256.0,167.0,0.8348654,271.0,166.0,0.8451507,267.0,275.0,0.784508,287.0,269.0,0.85470146,304.0,362.0,0.44799563,316.0,358.0,0.75592756,1,up
up/tricep dips_2000011.jpg,186.0,79.0,0.7073631,180.0,68.0,0.63744116,181.0,70.0,0.69001424,186.0,43.0,0.7725036,185.0,47.0,0.5996517,208.0,34.0,0.668907,245.0,50.0,0.3939347,227.0,106.0,0.83520037,268.0,127.0,0.38954705,230.0,184.0,0.84811926,238.0,182.0,0.573843,258.0,176.0,0.637462,276.0,173.0,0.76850927,243.0,297.0,0.7721636,284.0,273.0,0.87950045,319.0,332.0,0.5422495,329.0,316.0,0.53454316,1,up
up/tricep dips_2000021.jpg,185.0,107.0,0.6776633,178.0,97.0,0.6171062,179.0,97.0,0.55591804,183.0,73.0,0.8161611,186.0,74.0,0.73584604,201.0,66.0,0.76415,257.0,83.0,0.32253587,232.0,107.0,0.7327568,280.0,124.0,0.6749187,232.0,186.0,0.771656,274.0,180.0,0.3101804,261.0,206.0,0.8194308,281.0,202.0,0.8510663,249.0,336.0,0.81549275,286.0,302.0,0.7861958,331.0,356.0,0.44043928,334.0,350.0,0.85478663,1,up
up/tricep dips_2000061.jpg,201.0,85.0,0.74544775,195.0,75.0,0.5506518,197.0,77.0,0.7271151,195.0,48.0,0.76230985,198.0,50.0,0.7312943,215.0,41.0,0.8755894,258.0,54.0,0.57327455,232.0,110.0,0.8549124,275.0,131.0,0.42940366,236.0,190.0,0.8276222,244.0,190.0,0.5843321,263.0,178.0,0.6838539,283.0,176.0,0.79065406,252.0,304.0,0.8106508,293.0,276.0,0.76857793,338.0,343.0,0.6766809,340.0,330.0,0.69152695,1,up
up/tricep dips_2000101.jpg,208.0,100.0,0.7123537,202.0,92.0,0.48310205,205.0,92.0,0.73540664,205.0,68.0,0.85529256,210.0,68.0,0.759029,220.0,58.0,0.80767745,274.0,76.0,0.54020715,249.0,115.0,0.3350208,303.0,140.0,0.5406927,248.0,185.0,0.87647617,288.0,202.0,0.20318034,279.0,187.0,0.67969215,302.0,190.0,0.87191266,264.0,316.0,0.85545516,305.0,295.0,0.6658619,353.0,352.0,0.4287574,354.0,350.0,0.7020635,1,up
up/tricep dips_2000111.jpg,213.0,97.0,0.6307161,206.0,88.0,0.78301454,208.0,90.0,0.6475042,208.0,64.0,0.65187407,212.0,67.0,0.6629809,225.0,50.0,0.7759511,276.0,79.0,0.49799982,251.0,114.0,0.44836602,298.0,141.0,0.60391897,248.0,183.0,0.7986262,256.0,187.0,0.5452157,283.0,181.0,0.6771676,303.0,186.0,0.7867609,268.0,312.0,0.7460442,310.0,289.0,0.8461935,358.0,349.0,0.49964538,360.0,342.0,0.67914975,1,up
up/tricep dips_2000151.jpg,212.0,89.0,0.64617825,206.0,79.0,0.81056076,207.0,81.0,0.70018137,209.0,53.0,0.82704085,211.0,57.0,0.6638316,223.0,43.0,0.8258045,273.0,61.0,0.66888297,242.0,113.0,0.6250733,293.0,130.0,0.484341,248.0,185.0,0.79921573,253.0,187.0,0.57126176,277.0,180.0,0.77714175,297.0,181.0,0.7974044,266.0,304.0,0.6820692,308.0,280.0,0.83692026,347.0,339.0,0.49997672,354.0,334.0,0.47583044,1,up
up/tricep dips_2000161.jpg,205.0,113.0,0.56002194,200.0,103.0,0.74737775,201.0,104.0,0.6575397,206.0,80.0,0.85858744,210.0,80.0,0.7019014,228.0,74.0,0.7489058,279.0,93.0,0.66917336,250.0,121.0,0.3507789,310.0,145.0,0.5580268,246.0,191.0,0.82189876,300.0,202.0,0.2999136,281.0,216.0,0.59336925,302.0,214.0,0.8299422,266.0,338.0,0.83539057,308.0,317.0,0.8240129,346.0,359.0,0.13876425,346.0,357.0,0.50111413,1,up
up/tricep dips_2000201.jpg,201.0,86.0,0.73373806,195.0,76.0,0.5046035,197.0,77.0,0.73437405,202.0,49.0,0.61544836,204.0,52.0,0.6679598,220.0,46.0,0.69994766,266.0,63.0,0.6886033,237.0,121.0,0.7036958,278.0,137.0,0.5008749,237.0,199.0,0.82848394,245.0,196.0,0.58439803,264.0,188.0,0.69679487,284.0,185.0,0.8325143,250.0,313.0,0.7873012,293.0,288.0,0.84517026,339.0,354.0,0.5663911,341.0,346.0,0.5659399,1,up
up/tricep dips_2000241.jpg,190.0,91.0,0.7436886,182.0,80.0,0.7326735,184.0,81.0,0.64447486,189.0,55.0,0.80211776,191.0,57.0,0.7847873,209.0,48.0,0.7160139,247.0,62.0,0.4827137,233.0,118.0,0.76429665,269.0,129.0,0.5691116,234.0,198.0,0.8372049,247.0,194.0,0.34008998,259.0,194.0,0.6746609,277.0,190.0,0.80586994,249.0,317.0,0.89068615,287.0,291.0,0.6814772,334.0,355.0,0.4650924,338.0,347.0,0.8358045,1,up
up/tricep dips_2000251.jpg,190.0,98.0,0.61081743,184.0,87.0,0.77313745,186.0,87.0,0.72795784,191.0,64.0,0.88305026,194.0,65.0,0.7874225,212.0,62.0,0.8476754,254.0,75.0,0.42877156,241.0,121.0,0.6161132,279.0,141.0,0.45992503,236.0,196.0,0.78709257,260.0,201.0,0.17926614,266.0,201.0,0.61567897,287.0,198.0,0.8389948,253.0,331.0,0.8277716,290.0,302.0,0.7410679,331.0,359.0,0.29237604,336.0,355.0,0.61218333,1,up
up/tricep dips_2000291.jpg,199.0,78.0,0.7340128,193.0,67.0,0.45938596,195.0,68.0,0.61708647,201.0,43.0,0.8206854,201.0,44.0,0.5847664,219.0,40.0,0.88066226,265.0,55.0,0.54237735,240.0,113.0,0.89812005,282.0,130.0,0.41129363,247.0,188.0,0.8253956,253.0,187.0,0.637346,271.0,179.0,0.73884296,288.0,178.0,0.8490964,257.0,302.0,0.88122797,290.0,279.0,0.67402023,331.0,345.0,0.42639372,343.0,333.0,0.5200623,1,up
up/tricep dips_200221.jpg,240.0,59.0,0.5096291,244.0,47.0,0.64974374,245.0,46.0,0.5799525,230.0,22.0,0.5075834,233.0,21.0,0.5518398,184.0,42.0,0.53700256,199.0,39.0,0.5807797,178.0,151.0,0.13762763,190.0,152.0,0.40725395,182.0,254.0,0.19072585,184.0,254.0,0.65226567,154.0,240.0,0.2681434,181.0,245.0,0.50367683,173.0,361.0,0.32339266,176.0,357.0,0.3106497,27.0,352.0,0.18637441,26.0,351.0,0.17853035,1,up
up/tricep dips_200231.jpg,240.0,54.0,0.6240542,243.0,43.0,0.5733137,244.0,41.0,0.6746238,228.0,18.0,0.7086247,228.0,14.0,0.72243154,180.0,35.0,0.52941036,191.0,34.0,0.47600463,173.0,144.0,0.29513597,186.0,146.0,0.4518046,180.0,248.0,0.30516842,182.0,250.0,0.52791,159.0,224.0,0.3965009,169.0,227.0,0.5076854,182.0,359.0,0.6075083,183.0,355.0,0.54284656,31.0,346.0,0.13689569,28.0,349.0,0.15882792,1,up
up/tricep dips_200251.jpg,239.0,106.0,0.46582833,242.0,93.0,0.6952431,244.0,92.0,0.65422595,226.0,71.0,0.7345271,230.0,71.0,0.846341,201.0,93.0,0.68759817,196.0,78.0,0.6256093,180.0,167.0,0.33491853,157.0,146.0,0.5870455,187.0,241.0,0.5009905,178.0,249.0,0.8122019,157.0,259.0,0.45374727,155.0,257.0,0.46020842,159.0,357.0,0.41219965,175.0,363.0,0.1600289,149.0,358.0,0.11083569,32.0,348.0,0.15135461,1,up
up/tricep dips_200281.jpg,246.0,73.0,0.6388937,248.0,61.0,0.62152374,250.0,60.0,0.61476016,234.0,35.0,0.5485252,237.0,35.0,0.7835895,200.0,46.0,0.708501,202.0,45.0,0.59281117,177.0,140.0,0.4553634,176.0,139.0,0.68375194,184.0,237.0,0.41200262,177.0,243.0,0.81483465,161.0,226.0,0.6661073,157.0,228.0,0.5961125,166.0,352.0,0.49306303,159.0,357.0,0.37647736,158.0,361.0,0.11520889,34.0,350.0,0.20228463,1,up
up/tricep dips_200291.jpg,240.0,50.0,0.58142805,246.0,38.0,0.40256944,246.0,36.0,0.51853716,232.0,11.0,0.6322139,232.0,9.0,0.7215047,188.0,30.0,0.631675,192.0,30.0,0.5966387,189.0,146.0,0.3888499,194.0,146.0,0.59053147,181.0,244.0,0.38982877,178.0,248.0,0.69784594,156.0,207.0,0.5762969,160.0,208.0,0.5930548,177.0,352.0,0.4130985,173.0,352.0,0.551748,172.0,358.0,0.13790718,171.0,359.0,0.13759969,1,up
up/tricep dips_200301.jpg,236.0,55.0,0.45287895,240.0,40.0,0.59391147,241.0,39.0,0.45196345,223.0,15.0,0.5408055,225.0,14.0,0.65167165,182.0,36.0,0.7487744,187.0,37.0,0.736138,174.0,143.0,0.48166183,177.0,144.0,0.67169833,180.0,245.0,0.35459885,176.0,250.0,0.7481306,154.0,219.0,0.65776056,159.0,222.0,0.6505053,185.0,358.0,0.44386396,185.0,358.0,0.62198114,185.0,358.0,0.10420743,39.0,350.0,0.31422514,1,up
up/tricep dips_200341.jpg,247.0,85.0,0.60378385,253.0,73.0,0.5848365,254.0,72.0,0.637226,239.0,45.0,0.72072124,241.0,44.0,0.74875885,203.0,52.0,0.5360404,202.0,43.0,0.7162211,183.0,151.0,0.44169137,183.0,151.0,0.45230347,187.0,245.0,0.35733882,181.0,249.0,0.6280887,173.0,228.0,0.6354755,165.0,231.0,0.61637485,185.0,352.0,0.32455912,173.0,356.0,0.27561125,58.0,347.0,0.27883115,57.0,350.0,0.4656364,1,up
up/tricep dips_200351.jpg,242.0,61.0,0.6696795,248.0,50.0,0.62294704,248.0,48.0,0.6324551,236.0,20.0,0.75832736,235.0,17.0,0.8281042,185.0,35.0,0.57699883,192.0,33.0,0.5894265,186.0,144.0,0.46842933,189.0,146.0,0.6253879,179.0,246.0,0.43305203,175.0,250.0,0.78961104,157.0,210.0,0.5222253,162.0,210.0,0.53577006,187.0,337.0,0.3781946,185.0,341.0,0.64591193,186.0,357.0,0.16856083,55.0,352.0,0.5146932,1,up
up/tricep dips_200391.jpg,249.0,118.0,0.6443254,257.0,108.0,0.70180964,258.0,106.0,0.74358535,248.0,77.0,0.7469387,248.0,75.0,0.8107306,218.0,96.0,0.24686037,207.0,67.0,0.8143903,196.0,163.0,0.3735766,173.0,144.0,0.50726414,182.0,241.0,0.34923193,173.0,247.0,0.8372147,161.0,230.0,0.5776733,145.0,229.0,0.5717056,163.0,350.0,0.25294697,150.0,354.0,0.3600399,61.0,342.0,0.22184525,60.0,346.0,0.39371976,1,up
up/tricep dips_200401.jpg,249.0,84.0,0.6580199,258.0,74.0,0.55499125,259.0,72.0,0.6404665,250.0,42.0,0.82548857,251.0,41.0,0.88615596,204.0,43.0,0.7051461,206.0,39.0,0.8045959,197.0,148.0,0.6117972,196.0,150.0,0.5822828,178.0,239.0,0.4053747,173.0,243.0,0.7810627,161.0,199.0,0.67298436,153.0,199.0,0.62589383,168.0,330.0,0.37100828,163.0,336.0,0.54236394,161.0,358.0,0.17318761,57.0,346.0,0.40882972,1,up
up/tricep dips_200411.jpg,243.0,77.0,0.6788893,252.0,67.0,0.48155987,253.0,66.0,0.5960868,242.0,36.0,0.6391734,246.0,35.0,0.7998122,195.0,40.0,0.59276175,199.0,35.0,0.663074,191.0,147.0,0.56325376,193.0,148.0,0.63081366,173.0,237.0,0.4606803,166.0,242.0,0.80457485,155.0,191.0,0.6330772,152.0,192.0,0.6202561,175.0,315.0,0.37499684,171.0,322.0,0.7027355,173.0,360.0,0.25132746,172.0,361.0,0.24717097,1,up
up/tricep dips_200421.jpg,237.0,72.0,0.6332077,244.0,61.0,0.4715356,245.0,60.0,0.5437796,233.0,29.0,0.698442,234.0,30.0,0.7711882,189.0,41.0,0.6097697,189.0,37.0,0.787635,177.0,142.0,0.56788445,177.0,141.0,0.5507294,169.0,236.0,0.34239465,161.0,242.0,0.7918241,150.0,197.0,0.5569807,146.0,195.0,0.48359957,172.0,316.0,0.39062437,168.0,322.0,0.53051126,167.0,358.0,0.23821928,168.0,360.0,0.2203149,1,up
up/tricep dips_200461.jpg,232.0,67.0,0.5565729,236.0,55.0,0.6671456,237.0,54.0,0.6502563,222.0,31.0,0.61190844,223.0,30.0,0.6762873,190.0,62.0,0.58454096,180.0,46.0,0.73408115,171.0,142.0,0.34360397,151.0,126.0,0.47884926,165.0,222.0,0.41706392,152.0,229.0,0.66091806,149.0,218.0,0.52130675,136.0,216.0,0.39174008,162.0,334.0,0.2772716,159.0,348.0,0.530022,157.0,353.0,0.2205717,156.0,354.0,0.18165328,1,up
up/tricep dips_200481.jpg,232.0,35.0,0.62595254,236.0,24.0,0.6506015,236.0,22.0,0.5854589,223.0,0.0,0.49936214,225.0,-1.0,0.5510626,181.0,17.0,0.71094185,183.0,14.0,0.6143079,182.0,127.0,0.5066749,180.0,127.0,0.4079696,166.0,216.0,0.2295902,160.0,220.0,0.77158296,157.0,181.0,0.529677,154.0,183.0,0.55665976,177.0,299.0,0.251319,170.0,307.0,0.5040586,174.0,354.0,0.12626325,175.0,356.0,0.22367421,1,up
up/tricep dips_200491.jpg,236.0,81.0,0.55335975,239.0,70.0,0.57679975,240.0,69.0,0.5363622,224.0,44.0,0.5140048,226.0,44.0,0.62431884,196.0,68.0,0.38854653,187.0,51.0,0.84214056,179.0,144.0,0.2621305,149.0,122.0,0.66341484,175.0,218.0,0.404655,160.0,221.0,0.86155325,156.0,224.0,0.4459492,142.0,219.0,0.5415342,181.0,337.0,0.27677932,175.0,342.0,0.28940353,181.0,355.0,0.32655665,178.0,356.0,0.19500099,1,up
up/tricep dips_200551.jpg,225.0,15.0,0.530303,224.0,5.0,0.40967256,222.0,5.0,0.50884074,198.0,-6.0,0.17433117,198.0,-7.0,0.26197293,185.0,19.0,0.5539302,172.0,8.0,0.6786858,178.0,114.0,0.18892197,148.0,91.0,0.63997674,174.0,189.0,0.32633692,157.0,193.0,0.6599436,184.0,179.0,0.5490325,167.0,175.0,0.53086495,187.0,283.0,0.25540784,179.0,289.0,0.19423668,180.0,351.0,0.29874992,181.0,356.0,0.29578766,1,up
up/tricep dips_200591.jpg,219.0,-1.0,0.15991606,101.0,180.0,0.2768645,96.0,181.0,0.2839758,98.0,179.0,0.2925364,88.0,178.0,0.52689445,191.0,4.0,0.19502167,185.0,-1.0,0.25233015,192.0,100.0,0.12558438,186.0,98.0,0.28053504,176.0,186.0,0.34013876,170.0,187.0,0.3318174,192.0,171.0,0.30083534,176.0,173.0,0.316536,181.0,270.0,0.11899145,175.0,292.0,0.38838893,103.0,280.0,0.29950252,174.0,357.0,0.16905335,1,up
up/tricep dips_200611.jpg,101.0,180.0,0.632656,102.0,176.0,0.72929746,101.0,175.0,0.6441064,96.0,170.0,0.6729336,93.0,169.0,0.74192864,92.0,185.0,0.606965,76.0,181.0,0.73875463,90.0,210.0,0.30692053,76.0,217.0,0.83048123,101.0,212.0,0.61840415,99.0,213.0,0.43668026,84.0,224.0,0.7025832,68.0,228.0,0.85834444,119.0,217.0,0.73822963,98.0,227.0,0.69757193,117.0,261.0,0.73100126,98.0,283.0,0.81893027,1,up
up/tricep dips_200621.jpg,246.0,36.0,0.5978773,250.0,24.0,0.5771516,251.0,23.0,0.57170177,237.0,0.0,0.47368976,239.0,0.0,0.53066444,202.0,22.0,0.44847012,197.0,10.0,0.8209464,187.0,110.0,0.1311827,153.0,82.0,0.6642008,176.0,180.0,0.46223164,166.0,182.0,0.6235944,185.0,183.0,0.47157812,169.0,182.0,0.45417252,181.0,287.0,0.21455942,175.0,305.0,0.3526397,174.0,346.0,0.16836199,173.0,356.0,0.13461299,1,up
up/tricep dips_200661.jpg,216.0,5.0,0.38906762,219.0,0.0,0.2859304,215.0,-1.0,0.26058397,201.0,-7.0,0.10975698,195.0,-8.0,0.19543475,182.0,10.0,0.51235056,175.0,5.0,0.6645938,169.0,105.0,0.28042498,158.0,101.0,0.54137015,162.0,195.0,0.21552256,150.0,202.0,0.51101094,171.0,181.0,0.51716346,161.0,182.0,0.5041232,157.0,308.0,0.3357048,145.0,315.0,0.25409815,144.0,348.0,0.12549458,64.0,294.0,0.53210384,1,up
up/tricep dips_200671.jpg,206.0,1.0,0.24138176,207.0,-6.0,0.10858936,208.0,-5.0,0.14906928,185.0,-14.0,0.11051095,191.0,-9.0,0.11476263,175.0,8.0,0.6060579,182.0,8.0,0.472855,179.0,117.0,0.46184194,183.0,117.0,0.5381025,164.0,204.0,0.33203083,159.0,206.0,0.5549495,165.0,184.0,0.360447,167.0,186.0,0.46469447,157.0,308.0,0.4278488,153.0,309.0,0.40386418,150.0,354.0,0.22586825,148.0,355.0,0.2036617,1,up
up/tricep dips_200681.jpg,225.0,51.0,0.5970537,229.0,40.0,0.6681294,230.0,39.0,0.6269355,215.0,13.0,0.3937016,220.0,12.0,0.49373946,189.0,40.0,0.33855048,184.0,26.0,0.5982506,180.0,124.0,0.46769622,150.0,106.0,0.73958284,164.0,210.0,0.2670923,151.0,214.0,0.8212154,159.0,194.0,0.5036589,151.0,193.0,0.5786197,157.0,323.0,0.3503816,152.0,329.0,0.33790657,153.0,355.0,0.22365126,152.0,354.0,0.19836488,1,up
up/tricep dips_200711.jpg,232.0,74.0,0.5643814,236.0,62.0,0.6413704,238.0,62.0,0.6146356,222.0,37.0,0.4584565,228.0,38.0,0.52163494,192.0,62.0,0.7018174,192.0,52.0,0.8661746,163.0,125.0,0.31542888,149.0,115.0,0.7365101,163.0,217.0,0.4000973,153.0,223.0,0.733791,150.0,227.0,0.44736052,143.0,223.0,0.45279923,145.0,346.0,0.31120804,133.0,357.0,0.36526525,61.0,281.0,0.3569787,50.0,298.0,0.4968962,1,up
up/tricep dips_200721.jpg,231.0,18.0,0.5355903,232.0,7.0,0.44319186,229.0,6.0,0.518175,207.0,-1.0,0.1744175,204.0,-5.0,0.2831781,179.0,23.0,0.6094984,182.0,12.0,0.54103315,182.0,124.0,0.44333324,177.0,122.0,0.328321,176.0,220.0,0.20944008,161.0,224.0,0.64218616,173.0,189.0,0.5211669,166.0,190.0,0.5738808,164.0,324.0,0.36654937,153.0,334.0,0.4331763,59.0,290.0,0.37227082,48.0,309.0,0.45466483,1,up
up/tricep dips_200731.jpg,221.0,19.0,0.38282296,221.0,9.0,0.41111454,220.0,8.0,0.43032357,199.0,-4.0,0.16728295,198.0,-6.0,0.2561961,175.0,16.0,0.6062455,177.0,11.0,0.67628986,180.0,129.0,0.36047316,178.0,129.0,0.4078532,165.0,228.0,0.27854756,163.0,230.0,0.5690287,178.0,190.0,0.37632313,180.0,190.0,0.5146135,174.0,323.0,0.21663854,173.0,322.0,0.28110623,171.0,358.0,0.17218329,170.0,356.0,0.24998981,1,up
up/tricep dips_300381.jpg,226.0,47.0,0.41986024,216.0,40.0,0.44082183,232.0,39.0,0.4227925,200.0,52.0,0.54592836,244.0,48.0,0.5448015,186.0,71.0,0.72482276,279.0,76.0,0.7083646,179.0,182.0,0.71857303,283.0,185.0,0.2190913,159.0,274.0,0.7202182,300.0,274.0,0.43616757,211.0,264.0,0.46021757,267.0,261.0,0.41956317,208.0,363.0,0.18707253,254.0,363.0,0.2524177,376.0,356.0,0.10499727,372.0,356.0,0.100256786,1,up
up/tricep dips_300421.jpg,250.0,43.0,0.2517289,244.0,33.0,0.42747962,258.0,33.0,0.375283,228.0,44.0,0.4315654,269.0,41.0,0.48080087,211.0,64.0,0.74598527,300.0,73.0,0.70599365,203.0,170.0,0.7009902,317.0,175.0,0.33495313,191.0,258.0,0.64847255,336.0,265.0,0.5843593,246.0,246.0,0.61091363,295.0,240.0,0.6115242,254.0,356.0,0.45436177,282.0,355.0,0.33914265,403.0,357.0,0.2001762,401.0,358.0,0.21753938,1,up
up/tricep dips_300431.jpg,237.0,35.0,0.2724502,232.0,29.0,0.3804672,245.0,27.0,0.43337724,223.0,39.0,0.39341918,257.0,35.0,0.5858896,210.0,63.0,0.6336816,295.0,68.0,0.7360792,204.0,169.0,0.6254317,310.0,178.0,0.44686252,189.0,260.0,0.75448877,329.0,258.0,0.45585877,246.0,244.0,0.65435797,296.0,239.0,0.6082336,243.0,357.0,0.5752823,296.0,355.0,0.45892125,391.0,356.0,0.24252483,394.0,359.0,0.13952728,1,up
up/tricep dips_700141.jpg,245.0,145.0,0.6206721,253.0,136.0,0.7604907,237.0,136.0,0.7560064,264.0,127.0,0.83231425,226.0,128.0,0.7069229,284.0,171.0,0.85330564,207.0,168.0,0.839772,291.0,235.0,0.88502926,191.0,232.0,0.8542628,286.0,296.0,0.71237075,189.0,292.0,0.7661694,261.0,286.0,0.8102157,220.0,285.0,0.6988487,257.0,350.0,0.48911694,221.0,350.0,0.24136004,269.0,324.0,0.18249416,223.0,334.0,0.16122626,1,up
up/tricep dips_700151.jpg,244.0,122.0,0.71685225,253.0,113.0,0.7080725,237.0,112.0,0.68261063,266.0,106.0,0.6590682,227.0,105.0,0.64859414,284.0,156.0,0.52633744,207.0,153.0,0.86360043,283.0,232.0,0.7266285,198.0,230.0,0.7878241,288.0,295.0,0.73633116,191.0,295.0,0.6884377,261.0,277.0,0.8049188,219.0,277.0,0.786439,259.0,350.0,0.40381092,224.0,350.0,0.16467714,286.0,312.0,0.1739785,220.0,327.0,0.16135764,1,up
up/tricep dips_700231.jpg,240.0,97.0,0.53941405,249.0,85.0,0.8773791,231.0,85.0,0.68829894,264.0,80.0,0.76008695,220.0,81.0,0.69113135,286.0,139.0,0.7487,198.0,137.0,0.8928902,287.0,226.0,0.79295975,191.0,221.0,0.8811875,291.0,294.0,0.54893076,180.0,293.0,0.8092217,263.0,272.0,0.8041141,217.0,271.0,0.7320149,258.0,347.0,0.31036794,220.0,350.0,0.25872332,267.0,318.0,0.17576298,221.0,323.0,0.18013282,1,up
up/tricep dips_700321.jpg,234.0,98.0,0.7302234,244.0,86.0,0.8956766,225.0,86.0,0.7442666,260.0,79.0,0.8200049,216.0,80.0,0.59778136,285.0,132.0,0.76135397,193.0,133.0,0.79236174,293.0,217.0,0.76704454,181.0,219.0,0.766845,294.0,294.0,0.73444176,175.0,288.0,0.73454213,261.0,271.0,0.77724004,213.0,268.0,0.78217673,256.0,356.0,0.39013228,211.0,354.0,0.30693263,257.0,346.0,0.1232639,215.0,335.0,0.12658936,1,up
up/tricep dips_900081.jpg,187.0,60.0,0.769792,191.0,50.0,0.8548113,190.0,50.0,0.7903589,213.0,49.0,0.8407446,210.0,49.0,0.6949446,237.0,94.0,0.7361673,217.0,101.0,0.76831573,247.0,166.0,0.5828059,228.0,163.0,0.75230074,265.0,232.0,0.6656933,233.0,212.0,0.6871613,277.0,185.0,0.817904,257.0,186.0,0.64295906,246.0,275.0,0.4805918,238.0,274.0,0.47630066,218.0,358.0,0.57324123,249.0,330.0,0.13302171,1,up
up/tricep dips_900161.jpg,184.0,58.0,0.64042675,188.0,49.0,0.61587036,188.0,49.0,0.6764661,210.0,48.0,0.8632456,207.0,48.0,0.78145164,238.0,87.0,0.8593189,216.0,97.0,0.7828149,249.0,158.0,0.7837971,227.0,157.0,0.80262,263.0,224.0,0.7540837,233.0,208.0,0.68027353,280.0,177.0,0.92981446,259.0,179.0,0.76317203,226.0,255.0,0.7748743,223.0,253.0,0.7489557,179.0,340.0,0.5984725,178.0,336.0,0.5054798,1,up
up/tricep dips_900171.jpg,186.0,69.0,0.74087346,188.0,58.0,0.65419126,187.0,59.0,0.7492808,208.0,51.0,0.8824354,205.0,52.0,0.7984921,239.0,87.0,0.9323871,215.0,98.0,0.7918192,245.0,159.0,0.62370276,226.0,158.0,0.7250385,261.0,226.0,0.7983855,249.0,221.0,0.28453937,277.0,176.0,0.9275887,260.0,179.0,0.7828703,224.0,250.0,0.79957753,224.0,249.0,0.6167833,176.0,340.0,0.49890947,180.0,329.0,0.3627135,1,up
up/tricep dips_900181.jpg,184.0,79.0,0.80043715,187.0,69.0,0.7689175,184.0,70.0,0.87568253,207.0,61.0,0.82905483,202.0,62.0,0.7400752,241.0,93.0,0.8826028,213.0,106.0,0.7723241,259.0,161.0,0.61771345,233.0,159.0,0.572479,266.0,226.0,0.878348,234.0,211.0,0.58280563,284.0,183.0,0.89005375,260.0,184.0,0.8516983,227.0,256.0,0.67142606,224.0,257.0,0.7828878,183.0,346.0,0.49776492,186.0,333.0,0.48406205,1,up
up/tricep dips_900271.jpg,157.0,57.0,0.6584672,158.0,43.0,0.6655019,157.0,45.0,0.52331275,182.0,28.0,0.6670928,178.0,31.0,0.6989089,229.0,63.0,0.68602955,192.0,76.0,0.7285688,256.0,147.0,0.37987542,217.0,146.0,0.7670088,257.0,237.0,0.7316592,217.0,214.0,0.6656441,275.0,194.0,0.8457571,236.0,195.0,0.69535553,224.0,271.0,0.3597668,211.0,271.0,0.4503271,234.0,355.0,0.13988152,191.0,355.0,0.18216422,1,up
up/tricep dips_g1.jpg,715.0,102.0,0.7835789,714.0,87.0,0.7947457,703.0,85.0,0.5481606,683.0,83.0,0.564396,659.0,78.0,0.8052521,675.0,168.0,0.62879443,585.0,130.0,0.6433711,630.0,272.0,0.36918065,520.0,248.0,0.804991,639.0,373.0,0.4986878,512.0,369.0,0.8151777,617.0,373.0,0.86964583,561.0,362.0,0.8150412,622.0,546.0,0.90412176,574.0,548.0,0.8333248,471.0,610.0,0.6612039,464.0,614.0,0.59343874,1,up
up/tricep dips_g18.jpg,280.0,46.0,0.49461848,283.0,39.0,0.51603997,271.0,39.0,0.58192754,278.0,44.0,0.24594975,248.0,47.0,0.63916296,289.0,95.0,0.7807618,225.0,92.0,0.7153547,293.0,155.0,0.67305946,188.0,155.0,0.69301,300.0,211.0,0.67844546,179.0,217.0,0.5241375,267.0,209.0,0.6935526,230.0,207.0,0.7435013,290.0,296.0,0.7170396,221.0,301.0,0.5453069,230.0,264.0,0.23801057,218.0,268.0,0.19739962,1,up
up/tricep dips_g8.jpg,270.0,101.0,0.6590234,277.0,93.0,0.66124475,268.0,95.0,0.45979023,304.0,95.0,0.7310797,283.0,97.0,0.15232193,332.0,146.0,0.5688894,288.0,154.0,0.68729174,352.0,216.0,0.52099216,314.0,220.0,0.13940254,368.0,276.0,0.5592091,319.0,273.0,0.121339254,338.0,272.0,0.6433617,307.0,281.0,0.56388676,342.0,371.0,0.42857695,319.0,369.0,0.60038084,410.0,372.0,0.31504896,405.0,372.0,0.53270525,1,up
